상품코드,상품명,중분류코드,분류경로,소분류코드,소분류명,유통기한(일),판매가,원가(추정)
8809253649538,24del)디카페인340ml,045,,,,,,
8800244140034,24del)리치실론티500ml,045,,,,,,
8802774001359,24del)복숭아아이스티340,045,,,,,,
8808024033354,24del)블랙아메리카노340,045,,,,,,
8809253649484,24del)블루레몬에이드340,045,,,,,,
8808024033392,24del)스윗아메리카노340,045,,,,,,
8802774001465,24del)청매실사과블렌디드,045,,,,,,
8809253649507,24del)청포도에이드340ml,045,,,,,,
8805489003946,24del)캐러멜라떼340ml,045,,,,,,
8808024033439,24del)콜드브루340ml,045,,,,,,
8800244140010,24del)키위과즙에이드340,045,,,,,,
8802774003223,25del)라임모히또에이드,045,,,,,,
8808024050467,25del)블랙마티니340ml,045,,,,,,
8800244141512,25del)블랙아메리카노340,045,,,,,,
8808024050481,25del)스윗마티니340ml,045,,,,,,
8808024050405,25del)캐러멜라떼340ml,045,,,,,,
8802774003247,25del)피나콜라다에이드,045,,,,,,
8809184805607,BP)망고에이드230ml,045,,,,,,
8800244141246,BP)뱅쇼에이드230ml,045,,,,,,
8809184805591,BP)청포도에이드230ml,045,,,,,,
8801392130069,CJ)얼티브프로틴로얄밀크,047,,,,,,
8801392130045,CJ)얼티브프로틴피스타치,047,,,,,,
8809495078301,HDEX)퍼포먼스체리라임500,040,,,,,,
8801069421575,HEYROO디카페인아메리카노,042,,,,,,
8801069421582,HEYROO로어슈거카페라떼,042,,,,,,
8801069422213,HEYROO초코프렌즈500ml,047,,,,,,
8809422041125,HK)새싹보리P500ml,043,,,,,,
8809422046106,HK)새싹보리블랙P500ml,043,,,,,,
8809422045109,HK)스파클링복숭아캔355,044,,,,,,
8809422045116,HK)스파클링애플캔355,044,,,,,,
8809422045932,HK)티로그자두홍차P500,043,,,,,,
8809422045925,HK)티로그청포도홍차P500,043,,,,,,
8801007171210,HK)헛개수P500ml,043,,,,,,
8809422041729,HK)헛개수이엑스P500ml,043,,,,,,
8801069422664,PBICK)아메리카노320ml,042,,,,,,
8801128307222,hy)쉼로즈힙230ml,046,,,,,,
8801128243193,hy)포레스트쉼230ml,046,,,,,,
8007885200121,갈바니나)라임탄산수P500m,041,,,,,,
8007885200138,갈바니나)레몬탄산수P500m,041,,,,,,
8800261880029,건사)레몬스파클링P500ml,044,,,,,,
8800261880012,건사)유자스파클링P500ml,044,,,,,,
8806002020174,광동)밀싹보리차P500ml,043,,,,,,
8806002023991,광동)비타500제로스파클링,040,,,,,,
8806002010977,광동)비타500캔240ml,040,,,,,,
8806002023397,광동)썬키스트오렌지P600,044,,,,,,
8806002023410,광동)썬키스트제로자두600,044,,,,,,
8808244101109,광동)제주삼다수그린500ml,041,,,,,,
8806002020334,광동)헛개차골드라벨500ml,043,,,,,,
8802255100403,그래미)여명1004캔140ml,040,,,,,,
2200000046864,남)요구르트낱개,046,,,,,,
8801069415567,남양)로스터바닐라320ml,042,,,,,,
8801069415550,남양)로스터에스프레320ml,042,,,,,,
8801069421780,남양)마시는한끼밤맛200,040,,,,,,
8801069421803,남양)마시는한끼인절미200,040,,,,,,
8801069179223,남양)맛있는두유검은콩병,040,,,,,,
8801069173788,남양)맛있는우유딸기180ml,047,,,,,,
8801069173795,남양)맛있는우유초코180ml,047,,,,,,
8801069422091,남양)테이크핏몬스터초코,047,,,,,,
8801069420516,남양)테이크핏자몽230ml,045,,,,,,
8801043072236,농심)데이플러스바이오500,040,,,,,,
8801043020473,농심)백산수P2L,041,,,,,,
8801043071741,농심)츄파멜론밀크제로350,044,,,,,,
8801117366803,닥터유)단백질바나나팩250,040,,,,,,
8809345610859,대상)뉴케어올프로틴곡물,047,,,,,,
8809345610835,대상)뉴케어올프로틴바나,047,,,,,,
8809345610842,대상)뉴케어올프로틴초코,047,,,,,,
8809345611801,대상)아르포텐시트러스355,040,,,,,,
8809596939730,대상)아르포텐코어핏캔355,040,,,,,,
8809345611818,대상)아르포텐포스캔355ml,040,,,,,,
8809596939549,대상)아르포텐포커스캔355,040,,,,,,
8809813753583,더본)빽다방블랙커피P500,042,,,,,,
8809813753590,더본)빽다방연유라떼P500,042,,,,,,
8809288635483,던킨)녹차샤인아이스P500,043,,,,,,
8809288635476,던킨)홍차피치아이스P500,043,,,,,,
9002490232887,동서)레드불캔355ml,040,,,,,,
9002490286330,동서)레드불핑크캔250ml,040,,,,,,
8801037092240,동서)심플리라떼240ml,042,,,,,,
8801037092264,동서)심플리블랙240ml,042,,,,,,
8806011415992,동아)모닝케어H병,040,,,,,,
8806011416272,동아)모닝케어프레스온G병,040,,,,,,
8806011416265,동아)모닝케어프레스온H병,040,,,,,,
8801097150096,동아)포카리스웨트캔340ml,040,,,,,,
8809848280085,동원)양반유자차P500ml,043,,,,,,
8801155740061,동원)얼라이브망고P500ml,039,,,,,,
8801155000523,동원)하이요구르트소다280,046,,,,,,
8806016182912,동화)하루한병마그네슘100,040,,,,,,
8806016182615,동화)하루한병밀크씨슬100,040,,,,,,
8809495075560,랩노쉬)프로틴바나나P350,040,,,,,,
8801056243258,롯데)게토레이제로P600ml,040,,,,,,
8801056104641,롯데)깨수깡캔160ml,040,,,,,,
8801062874934,롯데)수박바에이드230ml,045,,,,,,
8801056094775,롯데)오랑지나P420ml,044,,,,,,
8801022025086,롯데)클라우드논알콜캔350,044,,,,,,
8801056240851,롯데)트레비토닉워터P300,044,,,,,,
8801056055226,롯데)트레비플레인P500ml,041,,,,,,
8801056610012,롯데)펩시콜라캔250ml,044,,,,,,
8801056234065,롯데)핫식스제로캔250ml,040,,,,,,
8801056245412,롯데)핫식스프로멀티캔355,040,,,,,,
8801056245399,롯데)핫식스프로오리캔355,040,,,,,,
4711115020048,마담홍)클래식버블티캔315,043,,,,,,
8801037091397,마스터)라떼캔240ml,042,,,,,,
8801037094305,마스터)스윗블랙P500ml,042,,,,,,
8801037091410,마스터)스윗아메캔240ml,042,,,,,,
8801037096446,마스터)헤이즐넛블랙500ml,042,,,,,,
8809293686371,맑은)T없이맑은차P500ml,043,,,,,,
8801121768440,매일)두유99.9팩190ml,040,,,,,,
8801121026915,매일)바나나는하얗다190ml,047,,,,,,
8801121046012,매일)바리스타무가당에스,042,,,,,,
8801121107935,매일)바리스타스모키250ml,042,,,,,,
8801121046739,매일)바이오그릭플레인150,046,,,,,,
8801121029541,매일)셀렉스프로핏초코330,047,,,,,,
8801121114308,매일)썬업과일야채퍼플,039,,,,,,
8801121025666,매일)아몬드브리즈프로틴,047,,,,,,
8801121103661,매일)우유속에코코아,047,,,,,,
8801121021958,매일)카페라떼클래식190,042,,,,,,
8801121022009,매일)카페라떼헤이즐넛190,042,,,,,,
8850389119617,모구)복숭아젤리P500ml,039,,,,,,
8808024034085,브리티시)블랙아메P500ml,042,,,,,,
8808024034092,브리티시)헤이즐넛P500ml,042,,,,,,
8809948525857,비비랩)레몬워터230ml,045,,,,,,
8809948522931,비비랩)콜라겐에이드230ml,045,,,,,,
8801104946926,빙그레)990딸기우유,047,,,,,,
8801104948609,빙그레)더단백워터백자몽,047,,,,,,
8801104949231,빙그레)더단백워터청사과,047,,,,,,
8801104948043,빙그레)따옴라이트복숭아,039,,,,,,
8801104948067,빙그레)따옴라이트청사과,039,,,,,,
8801104674478,빙그레)아연워터P500ml,040,,,,,,
8801104943581,빙그레)아카페라300바닐라,042,,,,,,
8801104943567,빙그레)아카페라300카라멜,042,,,,,,
8801104947190,빙그레)왕실초코190ml,047,,,,,,
8801104950787,빙그레)요플레그릭180g,046,,,,,,
8801104241373,빙그레)요플레블루베리180,046,,,,9,2200,1296.0
8801104949149,빙그레)요플레오베지ABC,046,,,,,,
8801073312876,삼양)프로틴드롭P500ml,040,,,,,,
8801115140047,서울)강릉아인슈페너250ml,042,,,,,,
8801115224372,서울)강릉커피더블샷250ml,042,,,,,,
8801115139836,서울)강릉커피라떼컵250ml,042,,,,,,
8801115139904,서울)강릉커피바닐라250ml,042,,,,,,
8801115140214,서울)말차스트로베리200ml,047,,,,,,
8801115135494,서울)멜론우유300ml,047,,,,,,
8801115136637,서울)미노스멜론우유235ml,047,,,,,,
8801115135463,서울)미노스바나나우유235,047,,,,,,
8801115224686,서울)요구르트1.7L,046,,,,,,
8801115134237,서울)초코우유200ml,047,,,,,,
8801104943482,스누피)아메리카노P500,042,,,,,,
8801104943505,스누피)헤이즐넛아메P500,042,,,,,,
8801037067897,스벅)파이크블랙캔275ml,042,,,,,,
8801037008630,스벅)프라푸치노헤이즐넛,042,,,,,,
8809618910303,엉덩이탐정)복숭아아이스,039,,,,,,
8801753105514,연세)딸기우유190ml,047,,,,,,
8801753114097,연세)마카다미아초코190ml,047,,,,,,
8801155744915,예지픽)달달커피오리지널,042,,,,,,
8801155744922,예지픽)달달커피헤이즐넛,042,,,,,,
8809197840527,올리)더빅아이스컵650g,048,,,,,,
8809197840558,올리)빅볼청귤얼음컵170g,048,,,,,,
8809197840442,올리)콰트로빅볼아이스,048,,,,,,
8809520491433,요즘)그릭카페라떼,046,,,,,,
8801382146179,웅진)꿀헛개병180ml,040,,,,,,
8801382128045,웅진)내사랑유자P280ml,043,,,,,,
8801382147343,웅진)빅토리아파인P500ml,041,,,,,,
8801382152125,웅진)프로타민고소한250ml,040,,,,,,
8806006506162,유한)내일N스파클링100ml,040,,,,,,
8809388465058,이디야)트리플바닐라라떼,042,,,,,,
8809388465041,이디야)트리플스위트아메,042,,,,,,
8809388465034,이디야)트리플아메리카노,042,,,,,,
8803420905106,이사프)디카페인아메P500,042,,,,,,
8809403539719,인테)레몬즙워터P500ml,040,,,,,,
8801223013530,일화)에버데이에너지P500,040,,,,,,
8801223013509,일화)에버데이이온P500ml,040,,,,,,
8801223014452,일화)파이어망고패션캔500,040,,,,360,2700,743.0
8801223014469,일화)파이어플럼레몬캔500,040,,,,,,
8809650040884,정관장)홍삼원D병100ml,040,,,,,,
8801033807893,정식품)고단백두유팩190,040,,,,,,
8801033795916,정식품)베지밀국산콩병,040,,,,,,
8801033812439,정식품)베지밀저당두유190,040,,,,,,
8803420904482,짱구)짱달달커피280ml,042,,,,,,
8801094326203,코카)레몬에이드제로P350,039,,,,,,
4897036695616,코카)몬스터스트로베리500,040,,,,,,
4897036692073,코카)몬스터시트라캔355ml,040,,,,,,
4897036695326,코카)몬스터에너지캔500ml,040,,,,,,
4897036695340,코카)몬스터울트라캔500ml,040,,,,,,
8801094265205,코카)미닛오렌지P350ml,039,,,,,,
8801094985202,코카)씨그램라임P350ml,041,,,,,,
8801094989200,코카)씨그램레몬P350ml,041,,,,,,
8801094577100,코카)조지아라떼캔270ml,042,,,,,,
8801094547103,코카)조지아블랙캔270ml,042,,,,,,
8801094072667,코카)코카제로체리P500ml,044,,,,,,
8801094342609,코카)태양의마테차P500ml,043,,,,,,
8809965480191,코코)비타톤멜로디딸기,039,,,,,,
8801056234027,콘트라)블랙샷P500ml,042,,,,,,
8801056234034,콘트라)스윗아몬드P500ml,042,,,,,,
8809495078851,클룹)애사비오리지널P500,044,,,,,,
8809495078868,클룹)애사비타트체리P500,044,,,,,,
8802774002561,태웅)레드썬라이즈230ml,045,,,,,,
8802774002202,태웅)레모나에이드1.5L,045,,,,,,
8802774002127,태웅)복숭아아이스티1L,045,,,,,,
8802774002592,태웅)초록애플마티니230ml,045,,,,,,
8806371360154,푸르밀)게이샤라떼300ml,042,,,,,,
8806371360147,푸르밀)게이샤블랙300ml,042,,,,,,
8801114106754,풀무원)돌얼음800g,048,,,,,,
8801114174487,풀무원)아임리얼100사과,039,,,,,,
8801492392510,하림)오늘단백밀크초코,040,,,,,,
8801492392503,하림)오늘단백밀크카라멜,040,,,,,,
8801157470959,하이뮨)프로틴액티브밀크,047,,,,,,
8801157470928,하이뮨)프로틴액티브초코,047,,,,,,
8801157471178,하이뮨)프로틴액티브커피,047,,,,,,
8801001235703,하이트)석수2LP6입,041,,,,,,
8801001236328,하이트)진로토닉홍차300ml,044,,,,,,
8806107614018,한독)레디큐프로P120ml,040,,,,,,
8809286695120,할리스)바닐라딜라이트450,042,,,,,,
8809226407356,함소아)튼튼워터복숭아,039,,,,,,
8809226407349,함소아)튼튼워터요구르트,039,,,,,,
8801105000863,해태)갈아만든배P1.5L,039,,,,,,
8801105000313,해태)평창수P2L,041,,,,,,
8801105915303,해태)평창수프리미엄P500,041,,,,,,
8800246888811,현대그린)카페베르나노350,042,,,,,,
8801392081484,CJ)얼티브프로틴맛밤,047,음료 > 우유 > 가공유,130,가공유,101,2900,798.0
8801069422756,PBICK)초코프렌즈500ml,047,음료 > 우유 > 가공유,130,가공유,6,2000,1166.0
8801069422619,PBICK)쿠앤크프렌즈500ml,047,음료 > 우유 > 가공유,130,가공유,6,2000,1166.0
8801128306249,hy)호우섬홍콩밀크티350ml,047,음료 > 우유 > 가공유,130,가공유,59,2600,953.0
8801128283915,감숙왕)딸기바나나우유190,047,음료 > 우유 > 가공유,130,가공유,54,1600,613.0
8801128283908,감숙왕)초코바나나우유190,047,음료 > 우유 > 가공유,130,가공유,54,1600,613.0
8800261880081,건사)저당밀크티160ml,047,음료 > 우유 > 가공유,130,가공유,55,0,0.0
8800261880074,건사)저당티라미수160ml,047,음료 > 우유 > 가공유,130,가공유,120,2200,2200.0
8801069180977,남양)딸기에몽드링크190ml,047,음료 > 우유 > 가공유,130,가공유,41,1600,793.0
8801069422411,남양)말차에몽190ml,047,음료 > 우유 > 가공유,130,가공유,49,1600,793.0
8801069416458,남양)아몬드데이언스위트,047,음료 > 우유 > 가공유,130,가공유,56,1700,661.0
8801069416441,남양)아몬드데이오리지널,047,음료 > 우유 > 가공유,130,가공유,56,1700,661.0
8801069185194,남양)초코에몽250ml,047,음료 > 우유 > 가공유,130,가공유,8,1900,1013.0
8801069171067,남양)초코에몽드링크190ml,047,음료 > 우유 > 가공유,130,가공유,46,1600,793.0
8801069419596,남양)초코에몽프로틴190ml,047,음료 > 우유 > 가공유,130,가공유,46,1600,1600.0
8801069415833,남양)테이크핏프로틴곡물,047,음료 > 우유 > 가공유,130,가공유,73,2900,1146.0
8801069417554,남양)테이크핏프로틴바나,047,음료 > 우유 > 가공유,130,가공유,73,2900,1139.0
8801069416007,남양)테이크핏프로틴초코,047,음료 > 우유 > 가공유,130,가공유,73,2900,1146.0
8801069419619,남양)테이크핏호박고구마,047,음료 > 우유 > 가공유,130,가공유,73,2900,1139.0
8809596939365,대상)뉴케어프로초코350ml,047,음료 > 우유 > 가공유,130,가공유,168,3900,2145.0
8801155745394,동원)가나디딸기우유500ml,047,음료 > 우유 > 가공유,130,가공유,7,2200,935.0
8801155745387,동원)가나디초코우유500ml,047,음료 > 우유 > 가공유,130,가공유,7,2200,935.0
8801155731632,동원)덴마크딸기딸기우유,047,음료 > 우유 > 가공유,130,가공유,7,2100,578.0
8801155000516,동원)덴마크미숫미숫우유,047,음료 > 우유 > 가공유,130,가공유,7,2100,578.0
8801155731830,동원)덴마크바나바나우유,047,음료 > 우유 > 가공유,130,가공유,7,2100,578.0
8801155731625,동원)덴마크초코초코우유,047,음료 > 우유 > 가공유,130,가공유,7,2100,578.0
8801155731847,동원)덴마크커피커피우유,047,음료 > 우유 > 가공유,130,가공유,7,2100,578.0
8801155743772,동원)소화잘되는딸기190ml,047,음료 > 우유 > 가공유,130,가공유,59,1500,545.0
8801155743789,동원)소화잘되는초코190ml,047,음료 > 우유 > 가공유,130,가공유,59,1500,545.0
8801056249052,롯데)오트몬드고소250ml,047,음료 > 우유 > 가공유,130,가공유,30,,
8801056249038,롯데)오트몬드초코250ml,047,음료 > 우유 > 가공유,130,가공유,105,2900,1053.0
8801056249076,롯데)오트몬드쿠앤크250ml,047,음료 > 우유 > 가공유,130,가공유,105,2900,1053.0
8801121049280,매일)바나나맛있다무가당,047,음료 > 우유 > 가공유,130,가공유,46,1500,573.0
0000088002293,매일)상하유기농딸기125ml,047,음료 > 우유 > 가공유,130,가공유,46,1500,1500.0
0000088004600,매일)상하유기농바나나125,047,음료 > 우유 > 가공유,130,가공유,46,1500,1500.0
8809846900886,매일)셀렉스프로핏모카250,047,음료 > 우유 > 가공유,130,가공유,117,2900,1094.0
8809846900893,매일)셀렉스프로핏밀크250,047,음료 > 우유 > 가공유,130,가공유,117,2900,1094.0
8809846901548,매일)셀렉스프로핏바나250,047,음료 > 우유 > 가공유,130,가공유,117,2900,1094.0
8801121763933,매일)아몬드브리오리지널,047,음료 > 우유 > 가공유,130,가공유,117,1300,740.0
8801121763957,매일)아몬드브리즈950ml,047,음료 > 우유 > 가공유,130,가공유,137,4900,2793.0
8801121768068,매일)아몬드브리즈초콜릿,047,음료 > 우유 > 가공유,130,가공유,117,1500,855.0
8801121033531,매일)어메징오트오리지널,047,음료 > 우유 > 가공유,130,가공유,117,1500,564.0
8801121190197,매일)허쉬초코드링크235ml,047,음료 > 우유 > 가공유,130,가공유,32,1600,832.0
8801121044698,매일)허쉬초코딸기190ml,047,음료 > 우유 > 가공유,130,가공유,46,1600,628.0
8801121044711,매일)허쉬초코바나나190ml,047,음료 > 우유 > 가공유,130,가공유,46,1600,628.0
8801121759943,매일)허쉬초코쿠앤크235ml,047,음료 > 우유 > 가공유,130,가공유,32,1600,832.0
8801121032435,매일)허쉬초코프로틴235ml,047,음료 > 우유 > 가공유,130,가공유,46,1600,832.0
8809226406564,미니언즈)프로틴액트초코,047,음료 > 우유 > 가공유,130,가공유,102,3000,1259.0
8809288635001,비알)배스킨라빈스멜론,047,음료 > 우유 > 가공유,130,가공유,59,1500,1500.0
8809288633045,비알)배스킨라빈스베리,047,음료 > 우유 > 가공유,130,가공유,59,1500,565.0
8809288633595,비알)배스킨라빈스솜사탕,047,음료 > 우유 > 가공유,130,가공유,59,1500,565.0
8809288633052,비알)배스킨라빈스쿠앤크,047,음료 > 우유 > 가공유,130,가공유,59,1500,565.0
8809288635384,비알)아몬드봉봉밀키컵300,047,음료 > 우유 > 가공유,130,가공유,59,2900,1063.0
8809288635377,비알)엄마는외계인밀키컵,047,음료 > 우유 > 가공유,130,가공유,59,2900,1063.0
8801104950299,빙그레)880딸기크림우유,047,음료 > 우유 > 가공유,130,가공유,33,880,493.0
8801104950312,빙그레)880티라미수우유,047,음료 > 우유 > 가공유,130,가공유,20,880,493.0
8801104946933,빙그레)990초코우유,047,음료 > 우유 > 가공유,130,가공유,7,990,545.0
8801104952392,빙그레)더단백더블초코40g,047,음료 > 우유 > 가공유,130,가공유,78,3900,2222.0
8801104942935,빙그레)더단백딸기드링크,047,음료 > 우유 > 가공유,130,가공유,78,2900,1101.0
8801104946179,빙그레)더단백멜론드링크,047,음료 > 우유 > 가공유,130,가공유,78,2900,1101.0
8801104670876,빙그레)더단백초코드링크,047,음료 > 우유 > 가공유,130,가공유,78,2900,1101.0
8801104673211,빙그레)더단백커피드링크,047,음료 > 우유 > 가공유,130,가공유,78,2900,1101.0
8801104221467,빙그레)딸기맛우유240ml,047,음료 > 우유 > 가공유,130,가공유,6,1800,1025.0
8801104940870,빙그레)메로나맛우유240ml,047,음료 > 우유 > 가공유,130,가공유,6,1800,1018.0
8801104948128,빙그레)무설탕딸기우유,047,음료 > 우유 > 가공유,130,가공유,56,1500,550.0
8801104948142,빙그레)무설탕초코우유,047,음료 > 우유 > 가공유,130,가공유,56,1500,550.0
0000088002798,빙그레)바나나우유240ml,047,음료 > 우유 > 가공유,130,가공유,6,1800,1011.0
8801104212205,빙그레)바나나우유라이트,047,음료 > 우유 > 가공유,130,가공유,6,1800,1018.0
8801104948272,빙그레)바나나우유무가당,047,음료 > 우유 > 가공유,130,가공유,6,1800,1018.0
8801115384014,서울)꿀딴지딸기우유180ml,047,음료 > 우유 > 가공유,130,가공유,35,1700,637.0
8801115384007,서울)꿀딴지초코우유180ml,047,음료 > 우유 > 가공유,130,가공유,35,1700,637.0
8801115118893,서울)내안의진짜딸기280ml,047,음료 > 우유 > 가공유,130,가공유,40,2300,882.0
8801115118886,서울)내안의진짜초코280ml,047,음료 > 우유 > 가공유,130,가공유,40,2300,882.0
8801115134213,서울)딸기우유300ml,047,음료 > 우유 > 가공유,130,가공유,7,2100,766.0
8801115134220,서울)초코우유300ml,047,음료 > 우유 > 가공유,130,가공유,7,2100,766.0
8801115135708,서울)커피우유300ml,047,음료 > 우유 > 가공유,130,가공유,7,2100,766.0
8801115118817,서울)프로틴에너지초코,047,음료 > 우유 > 가공유,130,가공유,50,2900,1175.0
8809350881787,서울FB)가나디바나나우유,047,음료 > 우유 > 가공유,130,가공유,40,2300,1297.0
8809350881091,서울FB)뽀로로딸기우유,047,음료 > 우유 > 가공유,130,가공유,59,1300,476.0
8809350881077,서울FB)뽀로로바나나우유,047,음료 > 우유 > 가공유,130,가공유,44,1300,476.0
8809350881244,서울FB)뽀로로초코우유,047,음료 > 우유 > 가공유,130,가공유,59,1300,476.0
8809350883903,서울FB)어른우유미숫250,047,음료 > 우유 > 가공유,130,가공유,20,2000,967.0
8809350884535,서울FB)어른우유호두250,047,음료 > 우유 > 가공유,130,가공유,78,2000,967.0
8809350881183,서울FB)어른우유흑임자250,047,음료 > 우유 > 가공유,130,가공유,39,2000,967.0
8809226406755,짱구)액션가면프로틴바나,047,음료 > 우유 > 가공유,130,가공유,102,3000,3000.0
8809226407196,짱구)액션가면프로틴커피,047,음료 > 우유 > 가공유,130,가공유,88,3000,3000.0
8806002011967,광동)대추쌍화병150ml,040,음료 > 기능건강음료 > 건강음료,114,건강음료,320,2000,720.0
8806002020242,광동)비타500D병100ml,040,음료 > 기능건강음료 > 건강음료,114,건강음료,180,1000,355.0
8806002017990,광동)비타500로열병,040,음료 > 기능건강음료 > 건강음료,114,건강음료,120,1500,1500.0
8806002001845,광동)비타500병100ml,040,음료 > 기능건강음료 > 건강음료,114,건강음료,237,1100,570.0
8806002007298,광동)비타500병180ml,040,음료 > 기능건강음료 > 건강음료,114,건강음료,237,1900,933.0
8806002022185,광동)비타500제로병100ml,040,음료 > 기능건강음료 > 건강음료,114,건강음료,150,1200,428.0
8806002002392,광동)위생천병75ml,040,음료 > 기능건강음료 > 건강음료,114,건강음료,351,1100,548.0
8806002021096,광동)유자쌍화병150ml,040,음료 > 기능건강음료 > 건강음료,114,건강음료,180,2000,1092.0
8806002001685,광동)진쌍화병100ml,040,음료 > 기능건강음료 > 건강음료,114,건강음료,259,1400,755.0
8801117369408,닥터유)단백질딸기팩250,040,음료 > 기능건강음료 > 건강음료,114,건강음료,120,2900,2900.0
8801117653408,닥터유)단백질딸기팩350,040,음료 > 기능건강음료 > 건강음료,114,건강음료,176,3900,2223.0
8801117370800,닥터유)단백질초코팩350,040,음료 > 기능건강음료 > 건강음료,114,건강음료,176,3900,3900.0
8801117362706,닥터유)단백질프로팩250ml,040,음료 > 기능건강음료 > 건강음료,114,건강음료,176,2900,2900.0
8801097280014,동아)오로나민C병120ml,040,음료 > 기능건강음료 > 건강음료,114,건강음료,237,1500,825.0
8806016186118,동화)배러라이트P120g,040,음료 > 기능건강음료 > 건강음료,114,건강음료,475,3500,3500.0
8806016185265,동화)배러레스트P120g,040,음료 > 기능건강음료 > 건강음료,114,건강음료,475,3500,1749.0
8806016185289,동화)배러푸룬P120g,040,음료 > 기능건강음료 > 건강음료,114,건강음료,475,3500,1749.0
8806016181915,동화)부채표쌍화원병100ml,040,음료 > 기능건강음료 > 건강음료,114,건강음료,475,1200,396.0
8806016189010,동화)하루한병아르긴병100,040,음료 > 기능건강음료 > 건강음료,114,건강음료,475,2000,550.0
8806016189317,동화)하루한병테아닌병100,040,음료 > 기능건강음료 > 건강음료,114,건강음료,292,2000,2000.0
8800261387467,랩노쉬)N프로틴그레인P350,040,음료 > 기능건강음료 > 건강음료,114,건강음료,176,3800,1404.0
8800261387474,랩노쉬)N프로틴바나나P350,040,음료 > 기능건강음료 > 건강음료,114,건강음료,176,3800,1404.0
8800261387450,랩노쉬)N프로틴초코P350,040,음료 > 기능건강음료 > 건강음료,114,건강음료,176,3800,1404.0
8809495076703,랩노쉬)프로틴딸기P350,040,음료 > 기능건강음료 > 건강음료,114,건강음료,176,3800,3800.0
8809495075553,랩노쉬)프로틴카카오P350,040,음료 > 기능건강음료 > 건강음료,114,건강음료,109,3800,3800.0
8809495078332,랩노쉬)프로틴쿠앤크P350,040,음료 > 기능건강음료 > 건강음료,114,건강음료,110,3800,3800.0
8809330479928,영진)알부민리얼바몬드,040,음료 > 기능건강음료 > 건강음료,114,건강음료,365,1900,523.0
8801382127130,웅진)꿀홍삼P280ml,040,음료 > 기능건강음료 > 건강음료,114,건강음료,210,2000,1131.0
8801382126232,웅진)꿀홍삼병180ml,040,음료 > 기능건강음료 > 건강음료,114,건강음료,237,1500,761.0
8801382150626,웅진)푸룬부스터P200ml,040,음료 > 기능건강음료 > 건강음료,114,건강음료,351,4500,1169.0
8801382152149,웅진)프로타민초코250ml,040,음료 > 기능건강음료 > 건강음료,114,건강음료,237,3800,1045.0
8805915907213,종근당)다이어트코치초코,040,음료 > 기능건강음료 > 건강음료,114,건강음료,95,3500,2030.0
8805915907312,종근당)다이어트코치커피,040,음료 > 기능건강음료 > 건강음료,114,건강음료,95,3500,3500.0
8809097856437,종근당)멀티비타4U병100ml,040,음료 > 기능건강음료 > 건강음료,114,건강음료,475,1800,476.0
8805915912804,종근당)아임비타에너지샷,040,음료 > 기능건강음료 > 건강음료,114,건강음료,182,2300,597.0
8806004407133,현대)미에로화이바P350ml,040,음료 > 기능건강음료 > 건강음료,114,건강음료,237,2200,1078.0
8806004382119,현대)미에로화이바병210ml,040,음료 > 기능건강음료 > 건강음료,114,건강음료,237,1700,575.0
8809288634967,BR)레인보우샤베트워터500,039,음료 > 과일야채음료 > 과즙음료,112,과즙음료,150,2500,625.0
8809288635315,BR)망고탱고워터P500,039,음료 > 과일야채음료 > 과즙음료,112,과즙음료,237,2500,625.0
8809288634974,BR)피치요거트워터P500,039,음료 > 과일야채음료 > 과즙음료,112,과즙음료,237,2500,625.0
8809713910185,OKF)샤인머스켓P500ml,039,음료 > 과일야채음료 > 과즙음료,112,과즙음료,365,2500,843.0
8809041429120,OKF)옐로스무디P350ml,039,음료 > 과일야채음료 > 과즙음료,112,과즙음료,474,2500,843.0
8809125069983,PBICK)블루레몬에이드P410,039,음료 > 과일야채음료 > 과즙음료,112,과즙음료,137,1500,630.0
8806002023205,광동)레몬에이드P500ml,039,음료 > 과일야채음료 > 과즙음료,112,과즙음료,150,2500,857.0
8801043030465,농심)츄파코코레몬240ml,039,음료 > 과일야채음료 > 과즙음료,112,과즙음료,195,1600,1600.0
8801043650182,농심)카프리썬오렌지팩200,039,음료 > 과일야채음료 > 과즙음료,112,과즙음료,238,1100,561.0
8801043650311,농심)카프리오렌지망고,039,음료 > 과일야채음료 > 과즙음료,112,과즙음료,234,1100,561.0
8801047284642,동원)비타C자몽에이드500,039,음료 > 과일야채음료 > 과즙음료,112,과즙음료,176,2200,561.0
8801056000332,롯데)델몬트감귤P1.5L,039,음료 > 과일야채음료 > 과즙음료,112,과즙음료,175,3800,1684.0
8801056022150,롯데)델몬트알로에P1.5L,039,음료 > 과일야채음료 > 과즙음료,112,과즙음료,200,4500,1690.0
8801056071226,롯데)델몬트오렌지P400ml,039,음료 > 과일야채음료 > 과즙음료,112,과즙음료,144,2200,1205.0
8801056071325,롯데)델몬트토마토P400ml,039,음료 > 과일야채음료 > 과즙음료,112,과즙음료,176,2200,1205.0
8801056475017,롯데)델몬트포도P1.5L,039,음료 > 과일야채음료 > 과즙음료,112,과즙음료,234,4900,2419.0
8801056009274,롯데)제주감귤P500ml,039,음료 > 과일야채음료 > 과즙음료,112,과즙음료,140,2000,1078.0
8850389100684,모구)리치젤리P320ml,039,음료 > 과일야채음료 > 과즙음료,112,과즙음료,165,1700,902.0
8850389119631,모구)리치젤리P500ml,039,음료 > 과일야채음료 > 과즙음료,112,과즙음료,110,2300,2300.0
8850389106280,모구)복숭아젤리P320ml,039,음료 > 과일야채음료 > 과즙음료,112,과즙음료,131,1700,861.0
8850389118870,모구)솜사탕젤리P320ml,039,음료 > 과일야채음료 > 과즙음료,112,과즙음료,125,1700,902.0
8850389109229,모구)요거트젤리P320ml,039,음료 > 과일야채음료 > 과즙음료,112,과즙음료,160,1700,861.0
8850389120101,모구)제로슈가트로피컬320,039,음료 > 과일야채음료 > 과즙음료,112,과즙음료,140,1700,902.0
8850389118856,모구)풍선껌젤리P320ml,039,음료 > 과일야채음료 > 과즙음료,112,과즙음료,110,1700,902.0
8801382150206,웅진)자연은말린복숭아500,039,음료 > 과일야채음료 > 과즙음료,112,과즙음료,237,2500,649.0
8801382150220,웅진)자연은말린자몽P500,039,음료 > 과일야채음료 > 과즙음료,112,과즙음료,204,2500,649.0
8801382149866,웅진)자연은샤인머스캣500,039,음료 > 과일야채음료 > 과즙음료,112,과즙음료,207,2350,774.0
8801382127789,웅진)자연은알로에P500ml,039,음료 > 과일야채음료 > 과즙음료,112,과즙음료,237,2350,888.0
8801382137917,웅진)자연은제주감귤500ml,039,음료 > 과일야채음료 > 과즙음료,112,과즙음료,237,2350,838.0
8801382148654,웅진)자연은토마토P1.5L,039,음료 > 과일야채음료 > 과즙음료,112,과즙음료,237,4400,1804.0
8801382130314,웅진)자연은토마토P500ml,039,음료 > 과일야채음료 > 과즙음료,112,과즙음료,237,2350,836.0
8801382126560,웅진)초록매실P500ml,039,음료 > 과일야채음료 > 과즙음료,112,과즙음료,237,2350,822.0
8801382150497,웅진)티니핑딸기P200ml,039,음료 > 과일야채음료 > 과즙음료,112,과즙음료,204,1600,548.0
8801382150770,웅진)티니핑밀크P200ml,039,음료 > 과일야채음료 > 과즙음료,112,과즙음료,204,1600,548.0
8809403539221,인테)슈로코코제로요구340,039,음료 > 과일야채음료 > 과즙음료,112,과즙음료,237,2500,662.0
8809403539207,인테)슈로코코제로피치340,039,음료 > 과일야채음료 > 과즙음료,112,과즙음료,237,2500,662.0
8801105907605,코카)레몬에이드P350ml,039,음료 > 과일야채음료 > 과즙음료,112,과즙음료,120,2100,719.0
8801094266400,코카)미닛오렌지P1.5L,039,음료 > 과일야채음료 > 과즙음료,112,과즙음료,130,5000,5000.0
8801128945288,팔도)뽀로로딸기맛P235ml,039,음료 > 과일야채음료 > 과즙음료,112,과즙음료,237,1600,818.0
8801128945073,팔도)뽀로로밀크맛P235ml,039,음료 > 과일야채음료 > 과즙음료,112,과즙음료,237,1600,818.0
8801128945462,팔도)뽀로로사과맛P235ml,039,음료 > 과일야채음료 > 과즙음료,112,과즙음료,238,1600,818.0
8809695254222,팔도)뽀로로샤인맛P235ml,039,음료 > 과일야채음료 > 과즙음료,112,과즙음료,237,1600,1600.0
8936236410080,푸드)샤인머스캣팝핑톡톡,039,음료 > 과일야채음료 > 과즙음료,112,과즙음료,150,1700,1700.0
8801105915709,해태)갈아만든배P500ml,039,음료 > 과일야채음료 > 과즙음료,112,과즙음료,161,2300,1262.0
8801105915006,해태)갈아만든배캔340ml,039,음료 > 과일야채음료 > 과즙음료,112,과즙음료,474,1700,853.0
8801105908367,해태)아침에사과P500ml,039,음료 > 과일야채음료 > 과즙음료,112,과즙음료,237,2300,871.0
8801105911312,해태)코코팜포도캔340ml,039,음료 > 과일야채음료 > 과즙음료,112,과즙음료,237,1700,916.0
8801105910124,해태)코코팜피치캔240ml,039,음료 > 과일야채음료 > 과즙음료,112,과즙음료,237,1500,814.0
8801105911299,해태)포도봉봉캔340ml,039,음료 > 과일야채음료 > 과즙음료,112,과즙음료,474,1700,869.0
8801001235765,HEYROO미네랄워터P2L,041,음료 > 생수 > 국산생수,120,국산생수,183,1300,299.0
8801056169817,HEYROO미네랄워터P500ml,041,음료 > 생수 > 국산생수,120,국산생수,234,700,157.0
8801056075385,PBICK미네랄워터P1L,041,음료 > 생수 > 국산생수,120,국산생수,180,1000,297.0
8808244201045,광동)제주삼다수P2L,041,음료 > 생수 > 국산생수,120,국산생수,475,1950,1950.0
8808244201014,광동)제주삼다수P500ml,041,음료 > 생수 > 국산생수,120,국산생수,237,1100,1100.0
8808244101093,광동)제주삼다수그린2L,041,음료 > 생수 > 국산생수,120,국산생수,475,1950,1950.0
8801043022781,농심)백산수P500ml,041,음료 > 생수 > 국산생수,120,국산생수,474,1000,323.0
8801047288114,동원)먹는샘물P500ml,041,음료 > 생수 > 국산생수,120,국산생수,120,1000,1000.0
8801047287957,동원)먹는샘물무P500ml,041,음료 > 생수 > 국산생수,120,국산생수,237,1000,179.0
8801056086558,롯데)아이시스2L,041,음료 > 생수 > 국산생수,120,국산생수,234,600,600.0
8801056244392,롯데)아이시스2LP4입,041,음료 > 생수 > 국산생수,120,국산생수,210,2700,1219.0
8801056086565,롯데)아이시스2LP6입,041,음료 > 생수 > 국산생수,120,국산생수,234,3600,1663.0
8801056049904,롯데)아이시스8.0P2L,041,음료 > 생수 > 국산생수,120,국산생수,237,1950,515.0
8801056049881,롯데)아이시스8.0P500ml,041,음료 > 생수 > 국산생수,120,국산생수,237,1100,346.0
8801056055189,롯데)트레비라임P500ml,041,음료 > 생수 > 국산생수,120,국산생수,127,1800,940.0
8801056055202,롯데)트레비레몬P500ml,041,음료 > 생수 > 국산생수,120,국산생수,140,1800,940.0
8801117070007,오리온)제주용암수P530ml,041,음료 > 생수 > 국산생수,120,국산생수,475,1000,322.0
8801382147060,웅진)빅토리아청포P500ml,041,음료 > 생수 > 국산생수,120,국산생수,237,1800,449.0
8803186200125,청정)몽베스트무P500ml,041,음료 > 생수 > 국산생수,120,국산생수,237,1100,234.0
8801753113199,곽철이)사과제로190ml,039,음료 > 과일야채음료 > 냉장주스,113,냉장주스,117,1000,1000.0
8801753113205,곽철이)청포도제로190ml,039,음료 > 과일야채음료 > 냉장주스,113,냉장주스,117,1000,1000.0
8801069416236,남양)과수원사과200ml,039,음료 > 과일야채음료 > 냉장주스,113,냉장주스,37,1800,509.0
8801155743758,동원)쿨피스에이드복숭아,039,음료 > 과일야채음료 > 냉장주스,113,냉장주스,59,2000,550.0
8801155743765,동원)쿨피스에이드자두,039,음료 > 과일야채음료 > 냉장주스,113,냉장주스,59,2000,550.0
8801056095413,롯데)오가닉사과당근주스,039,음료 > 과일야채음료 > 냉장주스,113,냉장주스,117,1500,847.0
8801056168308,롯데)오가닉포도당근주스,039,음료 > 과일야채음료 > 냉장주스,113,냉장주스,117,1500,847.0
8801056623012,롯데)콜드오렌지250ml,039,음료 > 과일야채음료 > 냉장주스,113,냉장주스,87,1600,927.0
8801056624019,롯데)콜드포도250ml,039,음료 > 과일야채음료 > 냉장주스,113,냉장주스,117,1600,977.0
8801121027042,매일)썬업오렌지750ml,039,음료 > 과일야채음료 > 냉장주스,113,냉장주스,27,4900,2486.0
8801121038499,매일)피크닉레몬240ml,039,음료 > 과일야채음료 > 냉장주스,113,냉장주스,137,1000,513.0
8801121043561,매일)피크닉사과240ml,039,음료 > 과일야채음료 > 냉장주스,113,냉장주스,137,1000,570.0
8801121048238,매일)피크닉천도복숭아240,039,음료 > 과일야채음료 > 냉장주스,113,냉장주스,137,1000,570.0
8801121043578,매일)피크닉청포도240ml,039,음료 > 과일야채음료 > 냉장주스,113,냉장주스,137,1000,570.0
8801115336150,서울)아침에주스포도210ml,039,음료 > 과일야채음료 > 냉장주스,113,냉장주스,10,2300,894.0
8801115334460,서울)올데이제로청매실,039,음료 > 과일야채음료 > 냉장주스,113,냉장주스,40,1800,512.0
8801115334095,서울)올데이프룻오렌250ml,039,음료 > 과일야채음료 > 냉장주스,113,냉장주스,40,1800,512.0
8801115334101,서울)올데이프룻자두250ml,039,음료 > 과일야채음료 > 냉장주스,113,냉장주스,40,1800,512.0
8809350884849,서울FB)가나디망고드링크,039,음료 > 과일야채음료 > 냉장주스,113,냉장주스,15,2300,1297.0
8809350884856,서울FB)가나디자몽드링크,039,음료 > 과일야채음료 > 냉장주스,113,냉장주스,15,2300,1297.0
8410261608303,유앤)돈시몬오렌지주스200,039,음료 > 과일야채음료 > 냉장주스,113,냉장주스,195,2500,958.0
8410261613314,유앤)돈시몬토마토주스200,039,음료 > 과일야채음료 > 냉장주스,113,냉장주스,195,2200,633.0
8809388466123,이디야)블렌딩티망고피치,039,음료 > 과일야채음료 > 냉장주스,113,냉장주스,84,1800,495.0
8809388466116,이디야)블렌딩티유자자몽,039,음료 > 과일야채음료 > 냉장주스,113,냉장주스,74,1800,495.0
8806371309818,푸르밀)웰치사과에이드,039,음료 > 과일야채음료 > 냉장주스,113,냉장주스,56,1700,459.0
8806371309771,푸르밀)웰치포도에이드,039,음료 > 과일야채음료 > 냉장주스,113,냉장주스,56,1700,1700.0
8801114174463,풀무원)아임리얼100레몬,039,음료 > 과일야채음료 > 냉장주스,113,냉장주스,156,1800,495.0
8801155745684,피크민)사과에이드180ml,039,음료 > 과일야채음료 > 냉장주스,113,냉장주스,36,800,800.0
8806124206067,한미)텐텐비타튼튼딸기,039,음료 > 과일야채음료 > 냉장주스,113,냉장주스,195,1600,440.0
8806124206081,한미)텐텐비타튼튼베리,039,음료 > 과일야채음료 > 냉장주스,113,냉장주스,165,1600,414.0
8809226406403,함소아)유기농당근포도,039,음료 > 과일야채음료 > 냉장주스,113,냉장주스,237,1300,351.0
8809226406410,함소아)유기농푸룬사과,039,음료 > 과일야채음료 > 냉장주스,113,냉장주스,237,1300,351.0
8801069422695,PBICK)카라멜마끼아또320,042,음료 > 커피음료 > 냉장커피,123,냉장커피,36,1900,1140.0
8801069422671,PBICK)카페라떼320ml,042,음료 > 커피음료 > 냉장커피,123,냉장커피,36,1900,1140.0
8801115384250,동서)티오피너티카라멜,042,음료 > 커피음료 > 냉장커피,123,냉장커피,59,2900,1759.0
8801115381754,동서)티오피마일드에스프,042,음료 > 커피음료 > 냉장커피,123,냉장커피,31,2900,1759.0
8801115381761,동서)티오피볼드에스프,042,음료 > 커피음료 > 냉장커피,123,냉장커피,59,2900,1759.0
8801115384212,동서)티오피트리플에스프,042,음료 > 커피음료 > 냉장커피,123,냉장커피,59,2900,1759.0
8801155745004,동원)소화잘되는바닐라떼,042,음료 > 커피음료 > 냉장커피,123,냉장커피,39,2800,770.0
8801155745929,동원)소화잘되는카라멜,042,음료 > 커피음료 > 냉장커피,123,냉장커피,39,2800,770.0
8801155744991,동원)소화잘되는카페라떼,042,음료 > 커피음료 > 냉장커피,123,냉장커피,39,2800,770.0
8809350889202,로우윗)저당바닐라라떼250,042,음료 > 커피음료 > 냉장커피,123,냉장커피,54,2800,2800.0
8809350889196,로우윗)저당카라멜라떼250,042,음료 > 커피음료 > 냉장커피,123,냉장커피,54,2800,2800.0
8801121768167,매일)바리스드립라떼325ml,042,음료 > 커피음료 > 냉장커피,123,냉장커피,37,3500,1369.0
8801121040416,매일)바리스타돌체325ml,042,음료 > 커피음료 > 냉장커피,123,냉장커피,37,3500,1369.0
8801121027523,매일)바리스타디카페325ml,042,음료 > 커피음료 > 냉장커피,123,냉장커피,37,3500,1369.0
8801121761823,매일)바리스타로슈거250ml,042,음료 > 커피음료 > 냉장커피,123,냉장커피,38,2900,1148.0
8801121107942,매일)바리스타모카250ml,042,음료 > 커피음료 > 냉장커피,123,냉장커피,38,2900,1148.0
8801121771402,매일)바리스타바닐라325ml,042,음료 > 커피음료 > 냉장커피,123,냉장커피,37,3500,1369.0
8801121768174,매일)바리스타블랙325ml,042,음료 > 커피음료 > 냉장커피,123,냉장커피,37,3500,3500.0
8801121771396,매일)바리스타쇼콜라325ml,042,음료 > 커피음료 > 냉장커피,123,냉장커피,37,3500,3500.0
8801121106792,매일)바리스타에스프250ml,042,음료 > 커피음료 > 냉장커피,123,냉장커피,38,2900,1148.0
8801121755679,매일)바리스타카라멜250ml,042,음료 > 커피음료 > 냉장커피,123,냉장커피,37,2900,1148.0
8809685311034,미루꾸)플랫그레이라떼,042,음료 > 커피음료 > 냉장커피,123,냉장커피,45,3500,3500.0
8809685311027,미루꾸)플랫너티라떼,042,음료 > 커피음료 > 냉장커피,123,냉장커피,45,3500,3500.0
8809685311010,미루꾸)플랫슈패너라떼,042,음료 > 커피음료 > 냉장커피,123,냉장커피,45,3500,3500.0
8801104948760,박대리)맛점커피바나나300,042,음료 > 커피음료 > 냉장커피,123,냉장커피,46,2600,780.0
8801104946285,박대리)출근커피바닐라300,042,음료 > 커피음료 > 냉장커피,123,냉장커피,46,2600,780.0
8801104946261,박대리)퇴근커피카라멜300,042,음료 > 커피음료 > 냉장커피,123,냉장커피,46,2600,780.0
8801104667043,빙그레)스페셜티예가체프,042,음료 > 커피음료 > 냉장커피,123,냉장커피,117,3000,1084.0
8801104667029,빙그레)스페셜티킬리만자,042,음료 > 커피음료 > 냉장커피,123,냉장커피,117,3000,1084.0
8801104948005,빙그레)아카페라UP디카페,042,음료 > 커피음료 > 냉장커피,123,냉장커피,117,2600,939.0
8801104304047,빙그레)아카페라UP라떼,042,음료 > 커피음료 > 냉장커피,123,냉장커피,117,2600,939.0
8801104306591,빙그레)아카페라UP바닐라,042,음료 > 커피음료 > 냉장커피,123,냉장커피,117,2600,939.0
8801104304023,빙그레)아카페라UP아메리,042,음료 > 커피음료 > 냉장커피,123,냉장커피,117,2600,939.0
8801104940931,빙그레)아카페라UP연유,042,음료 > 커피음료 > 냉장커피,123,냉장커피,117,2600,939.0
8801104212601,빙그레)아카페라바닐라,042,음료 > 커피음료 > 냉장커피,123,냉장커피,117,2000,685.0
8801104212403,빙그레)아카페라카라멜,042,음료 > 커피음료 > 냉장커피,123,냉장커피,117,2000,685.0
8801104666152,빙그레)오늘의커피라떼,042,음료 > 커피음료 > 냉장커피,123,냉장커피,46,2700,756.0
8801104666176,빙그레)오늘의커피바닐라,042,음료 > 커피음료 > 냉장커피,123,냉장커피,46,2700,756.0
8801104949187,빙그레)오늘의커피연유,042,음료 > 커피음료 > 냉장커피,123,냉장커피,46,2700,756.0
8801115140207,서울)말차에스프레소200ml,042,음료 > 커피음료 > 냉장커피,123,냉장커피,35,2900,2900.0
8801115140023,서울)커피타운모카250ml,042,음료 > 커피음료 > 냉장커피,123,냉장커피,37,2600,762.0
8801115140016,서울)커피타운바닐라250ml,042,음료 > 커피음료 > 냉장커피,123,냉장커피,37,2600,762.0
8801115140054,서울)커피타운헤이즐넛250,042,음료 > 커피음료 > 냉장커피,123,냉장커피,37,2600,762.0
8801115136682,서울)포리커피200ml,042,음료 > 커피음료 > 냉장커피,123,냉장커피,17,2800,2800.0
8801115382102,스벅)바닐라라떼320ml,042,음료 > 커피음료 > 냉장커피,123,냉장커피,34,3300,2096.0
8801115382096,스벅)바닐라라떼컵200ml,042,음료 > 커피음료 > 냉장커피,123,냉장커피,34,2300,1485.0
8801037086942,스벅)카페라떼컵200ml,042,음료 > 커피음료 > 냉장커피,123,냉장커피,28,2300,1485.0
8801115381518,스벅)카페라떼컵270ml,042,음료 > 커피음료 > 냉장커피,123,냉장커피,28,2800,1700.0
8801115382003,스벅)카페라떼컵320ml,042,음료 > 커피음료 > 냉장커피,123,냉장커피,28,3300,2096.0
8801115224303,스벅)카페모카컵320ml,042,음료 > 커피음료 > 냉장커피,123,냉장커피,34,3300,2096.0
8809388463931,이디야)돌체콜드브루300ml,042,음료 > 커피음료 > 냉장커피,123,냉장커피,59,3200,1162.0
8809388464464,이디야)바닐라라떼300ml,042,음료 > 커피음료 > 냉장커피,123,냉장커피,59,3200,1162.0
8809388464471,이디야)쇼콜라모카300ml,042,음료 > 커피음료 > 냉장커피,123,냉장커피,59,3200,1162.0
8809388463917,이디야)카페라떼300ml,042,음료 > 커피음료 > 냉장커피,123,냉장커피,59,3200,1162.0
8809388463924,이디야)토피넛라떼300ml,042,음료 > 커피음료 > 냉장커피,123,냉장커피,59,3200,1162.0
8806371360352,푸르밀)예가체프라떼300ml,042,음료 > 커피음료 > 냉장커피,123,냉장커피,56,2900,798.0
8806371360369,푸르밀)케냐AA라떼300ml,042,음료 > 커피음료 > 냉장커피,123,냉장커피,56,2900,798.0
8809286693706,할리스)바닐라딜라이트,042,음료 > 커피음료 > 냉장커피,123,냉장커피,59,3000,1035.0
8809286694192,할리스)카라멜마끼아또,042,음료 > 커피음료 > 냉장커피,123,냉장커피,59,3200,1089.0
8809286693713,할리스)카페라떼300ml,042,음료 > 커피음료 > 냉장커피,123,냉장커피,59,3200,1089.0
8801858045258,오비)카스논알콜캔355,044,음료 > 탄산음료 > 논알콜맥주,293,논알콜맥주,237,2000,660.0
8801858047399,오비)카스레몬논알콜캔330,044,음료 > 탄산음료 > 논알콜맥주,293,논알콜맥주,176,2000,660.0
8801858048259,오비)카스레몬논알콜캔473,044,음료 > 탄산음료 > 논알콜맥주,293,논알콜맥주,150,2800,1100.0
8801858048600,오비)카스올제로캔350,044,음료 > 탄산음료 > 논알콜맥주,293,논알콜맥주,176,2400,640.0
8801858048631,오비)카스올제로캔500,044,음료 > 탄산음료 > 논알콜맥주,293,논알콜맥주,176,,
8712000056896,하이)하이네켄논알콜캔500,044,음료 > 탄산음료 > 논알콜맥주,293,논알콜맥주,125,4500,1507.0
8801119221117,하이트)하이트논알콜캔350,044,음료 > 탄산음료 > 논알콜맥주,293,논알콜맥주,176,1800,638.0
8801001236434,하이트)하이트논알콜캔500,044,음료 > 탄산음료 > 논알콜맥주,293,논알콜맥주,237,2800,803.0
8801069421476,남양)맛있는두유검은콩190,040,음료 > 기능건강음료 > 두유,115,두유,117,1500,435.0
8801069421445,남양)맛있는두유담백190,040,음료 > 기능건강음료 > 두유,115,두유,117,1500,435.0
8801121025710,매일)검은콩두유팩190ml,040,음료 > 기능건강음료 > 두유,115,두유,117,1400,496.0
8801121032145,매일)고단백플레인190ml,040,음료 > 기능건강음료 > 두유,115,두유,126,1800,484.0
8801121022375,매일)두유렌틸콩190ml,040,음료 > 기능건강음료 > 두유,115,두유,126,1800,484.0
8801121768464,매일)두유오리지널팩190ml,040,음료 > 기능건강음료 > 두유,115,두유,115,1400,496.0
8801753100298,연세)검은콩고칼슘두유,040,음료 > 기능건강음료 > 두유,115,두유,98,1500,413.0
8801753002622,연세)아몬드잣두유,040,음료 > 기능건강음료 > 두유,115,두유,98,1500,1500.0
8801033775932,정식품)검은콩깨베지밀,040,음료 > 기능건강음료 > 두유,115,두유,90,1400,838.0
8801033775031,정식품)검은콩베지밀팩190,040,음료 > 기능건강음료 > 두유,115,두유,117,1400,766.0
8801033808913,정식품)고단백두유초코팩,040,음료 > 기능건강음료 > 두유,115,두유,90,1600,1600.0
8801033811357,정식품)고단백플레인팩,040,음료 > 기능건강음료 > 두유,115,두유,105,1600,927.0
8801033812293,정식품)말차블렌딩소이,040,음료 > 기능건강음료 > 두유,115,두유,100,2300,1333.0
8801033000119,정식품)베지밀A병190ml,040,음료 > 기능건강음료 > 두유,115,두유,117,1800,1013.0
8801033799075,정식품)베지밀B검은콩병,040,음료 > 기능건강음료 > 두유,115,두유,101,2000,1097.0
8801033000126,정식품)베지밀B병190ml,040,음료 > 기능건강음료 > 두유,115,두유,95,1800,1013.0
8801033770357,정식품)베지밀B팩950ml,040,음료 > 기능건강음료 > 두유,115,두유,117,3600,2244.0
8801033804694,정식품)진한콩국물950ml,040,음료 > 기능건강음료 > 두유,115,두유,117,0,0.0
8801128307239,hy)갓비움230ml,046,음료 > 요구르트 > 발효유,129,발효유,117,2400,879.0
8801128283472,hy)갓비움애사비마일드,046,음료 > 요구르트 > 발효유,129,발효유,117,2400,879.0
8801128281003,hy)야쿠르트750ml,046,음료 > 요구르트 > 발효유,129,발효유,8,3600,2232.0
8801128308076,hy)야쿠르트제로190ml,046,음료 > 요구르트 > 발효유,129,발효유,90,1200,330.0
0000088007519,남양)요구르트65ml5입,046,음료 > 요구르트 > 발효유,129,발효유,6,1200,693.0
8801155000547,동원)생쿨피스바나나300ml,046,음료 > 요구르트 > 발효유,129,발효유,30,,
8801155000530,동원)생쿨피스복숭아300ml,046,음료 > 요구르트 > 발효유,129,발효유,30,,
8801155735647,동원)얼라이브망고200ml,046,음료 > 요구르트 > 발효유,129,발효유,39,1500,413.0
8801155735081,동원)얼라이브망고250ml,046,음료 > 요구르트 > 발효유,129,발효유,58,1700,617.0
8801155744472,동원)얼라이브블렌드레몬,046,음료 > 요구르트 > 발효유,129,발효유,59,2200,2200.0
8801155744489,동원)얼라이브블렌드자몽,046,음료 > 요구르트 > 발효유,129,발효유,59,2200,2200.0
8801155735135,동원)얼라이브오렌지250ml,046,음료 > 요구르트 > 발효유,129,발효유,58,1700,617.0
8801155744762,동원)얼라이브자몽200ml,046,음료 > 요구르트 > 발효유,129,발효유,39,1500,413.0
8801155735074,동원)얼라이브자몽250ml,046,음료 > 요구르트 > 발효유,129,발효유,58,1700,617.0
8801155732769,동원)얼라이브청포도250ml,046,음료 > 요구르트 > 발효유,129,발효유,58,1700,617.0
8801155418113,동원)쿨피스복숭아930ml,046,음료 > 요구르트 > 발효유,129,발효유,8,1700,1700.0
8801155411817,동원)쿨피스파인450ml,046,음료 > 요구르트 > 발효유,129,발효유,7,1000,389.0
8801155744502,동원)하이요구르트280ml,046,음료 > 요구르트 > 발효유,129,발효유,7,1700,605.0
8801121048887,매일)그릭드링킹플레인190,046,음료 > 요구르트 > 발효유,129,발효유,9,2900,869.0
8801121767139,매일)바이오드링킹딸기,046,음료 > 요구르트 > 발효유,129,발효유,7,2400,866.0
8801121770757,매일)바이오드링킹블루,046,음료 > 요구르트 > 발효유,129,발효유,7,2400,866.0
8801121024737,매일)엔요280ml,046,음료 > 요구르트 > 발효유,129,발효유,6,1700,605.0
8801104669283,빙그레)닥터캡슐베리,046,음료 > 요구르트 > 발효유,129,발효유,8,2300,602.0
8801104951302,빙그레)닥터캡슐복숭아,046,음료 > 요구르트 > 발효유,129,발효유,8,2300,602.0
8801104665421,빙그레)닥터캡슐사과,046,음료 > 요구르트 > 발효유,129,발효유,8,2300,602.0
8801104273602,빙그레)오프룻딸기컵,046,음료 > 요구르트 > 발효유,129,발효유,8,2400,910.0
8801104250627,빙그레)쥬시쿨복숭아180ml,046,음료 > 요구르트 > 발효유,129,발효유,7,600,231.0
8801104250283,빙그레)쥬시쿨자두180ml,046,음료 > 요구르트 > 발효유,129,발효유,7,600,231.0
8801115224617,서울)듀오안오리지널푸룬,046,음료 > 요구르트 > 발효유,129,발효유,8,2300,2300.0
8801115224624,서울)듀오안화이바사과,046,음료 > 요구르트 > 발효유,129,발효유,8,2300,2300.0
8801115224341,서울)복숭아요구르트750ml,046,음료 > 요구르트 > 발효유,129,발효유,7,2900,1088.0
8809350882296,서울FB)패밀리요구르트,046,음료 > 요구르트 > 발효유,129,발효유,8,2500,1140.0
8801753111201,연세)복숭아요거트300,046,음료 > 요구르트 > 발효유,129,발효유,7,2500,699.0
8801753110501,연세)블루베리요거트300,046,음료 > 요구르트 > 발효유,129,발효유,7,2500,699.0
8801753110976,연세)스트로베리요거트300,046,음료 > 요구르트 > 발효유,129,발효유,7,2500,699.0
8801753111966,연세)플레인요거트300ml,046,음료 > 요구르트 > 발효유,129,발효유,7,2500,699.0
8809274517069,풀무원)액티더블제로사과,046,음료 > 요구르트 > 발효유,129,발효유,9,2200,545.0
8809274517076,풀무원)액티더블제로플레,046,음료 > 요구르트 > 발효유,129,발효유,9,2200,545.0
8809274510893,풀무원)액티비아업딸기,046,음료 > 요구르트 > 발효유,129,발효유,10,2200,1210.0
8809274512651,풀무원)액티비아업복숭아,046,음료 > 요구르트 > 발효유,129,발효유,10,2200,1210.0
8803420905625,삼경)가나디레몬비타워터,040,음료 > 기능건강음료 > 비타민음료,116,비타민음료,207,2500,2500.0
8803420905618,삼경)가나디자몽비타워터,040,음료 > 기능건강음료 > 비타민음료,116,비타민음료,100,2500,2500.0
3068320024400,롯데)에비앙P500ml,041,음료 > 생수 > 수입생수,121,수입생수,270,2200,602.0
8809422040876,HK)컨디션CEO병150ml,040,음료 > 기능건강음료 > 숙취해소음료,119,숙취해소음료,474,10000,10000.0
8801007178233,HK)컨디션레이디병100ml,040,음료 > 기능건강음료 > 숙취해소음료,119,숙취해소음료,474,5000,2563.0
8809422046762,HK)컨디션메론소다제로병,040,음료 > 기능건강음료 > 숙취해소음료,119,숙취해소음료,475,5000,1281.0
8809422046045,HK)컨디션탄산제로병100ml,040,음료 > 기능건강음료 > 숙취해소음료,119,숙취해소음료,475,5000,1281.0
8801007071046,HK)컨디션헛개병100ml,040,음료 > 기능건강음료 > 숙취해소음료,119,숙취해소음료,474,5000,2563.0
8801128283595,hy)쿠퍼스깨곰,040,음료 > 기능건강음료 > 숙취해소음료,119,숙취해소음료,234,5000,1375.0
8806002010861,광동)헛개파워병100ml,040,음료 > 기능건강음료 > 숙취해소음료,119,숙취해소음료,185,5000,1188.0
8802255808019,그래미)여명808캔140ml,040,음료 > 기능건강음료 > 숙취해소음료,119,숙취해소음료,474,5500,2530.0
8806011416579,동아)모닝케어프레스온G병,040,음료 > 기능건강음료 > 숙취해소음료,119,숙취해소음료,475,6000,2805.0
8806011416562,동아)모닝케어프레스온H병,040,음료 > 기능건강음료 > 숙취해소음료,119,숙취해소음료,475,6000,2805.0
8801056248451,롯데)깨수깡캔160ml,040,음료 > 기능건강음료 > 숙취해소음료,119,숙취해소음료,176,5000,2310.0
8801013777260,삼양사)상쾌환부스터병100,040,음료 > 기능건강음료 > 숙취해소음료,119,숙취해소음료,475,5000,1375.0
8801013777468,삼양사)상쾌환부스터제로,040,음료 > 기능건강음료 > 숙취해소음료,119,숙취해소음료,475,5000,1375.0
8809556567485,서영)모닝이즈백병100ml,040,음료 > 기능건강음료 > 숙취해소음료,119,숙취해소음료,475,5000,1337.0
8809125061857,종근당)헛개땡큐골드병,040,음료 > 기능건강음료 > 숙취해소음료,119,숙취해소음료,339,5000,1124.0
8806107612052,한독)레디큐P120ml,040,음료 > 기능건강음료 > 숙취해소음료,119,숙취해소음료,266,5000,5000.0
8806002025445,광동)비타500이온킥500ml,040,"음료 > 기능건강음료 > 스포츠,이온음료",117,"스포츠,이온음료",237,2900,753.0
4005906404835,농심)파워오투오렌지P500,040,"음료 > 기능건강음료 > 스포츠,이온음료",117,"스포츠,이온음료",195,2300,1079.0
8801097150034,동아)포카리스웨트P1.5L,040,"음료 > 기능건강음료 > 스포츠,이온음료",117,"스포츠,이온음료",237,3900,2283.0
8801097250079,동아)포카리스웨트P620ml,040,"음료 > 기능건강음료 > 스포츠,이온음료",117,"스포츠,이온음료",237,2600,1357.0
8801097150010,동아)포카리스웨트캔240ml,040,"음료 > 기능건강음료 > 스포츠,이온음료",117,"스포츠,이온음료",120,1700,920.0
8801056251062,롯데)2프로레몬제로P500ml,040,"음료 > 기능건강음료 > 스포츠,이온음료",117,"스포츠,이온음료",156,1800,464.0
8801056002725,롯데)2프로복숭아제로P500,040,"음료 > 기능건강음료 > 스포츠,이온음료",117,"스포츠,이온음료",150,1800,464.0
8801056002701,롯데)2프로복숭아제로캔,040,"음료 > 기능건강음료 > 스포츠,이온음료",117,"스포츠,이온음료",170,1200,594.0
8801056049201,롯데)게토레이레몬600ml,040,"음료 > 기능건강음료 > 스포츠,이온음료",117,"스포츠,이온음료",200,2200,1210.0
8801056839017,롯데)게토레이레몬P1.5L,040,"음료 > 기능건강음료 > 스포츠,이온음료",117,"스포츠,이온음료",213,3400,1980.0
8801056836016,롯데)게토레이레몬캔240ml,040,"음료 > 기능건강음료 > 스포츠,이온음료",117,"스포츠,이온음료",474,1200,567.0
8801056052218,롯데)게토레이블루P600ml,040,"음료 > 기능건강음료 > 스포츠,이온음료",117,"스포츠,이온음료",110,2200,1210.0
8809799270661,링티)애플라이트P500ml,040,"음료 > 기능건강음료 > 스포츠,이온음료",117,"스포츠,이온음료",351,3200,1162.0
8809626921407,링티)제로레몬라이트P500,040,"음료 > 기능건강음료 > 스포츠,이온음료",117,"스포츠,이온음료",237,3200,1162.0
8809799270203,링티)제로레몬라임500ml,040,"음료 > 기능건강음료 > 스포츠,이온음료",117,"스포츠,이온음료",475,2900,798.0
8809626920295,링티)제로복숭아P500ml,040,"음료 > 기능건강음료 > 스포츠,이온음료",117,"스포츠,이온음료",234,2900,798.0
8801094000240,코카)일로하스피치P540,040,"음료 > 기능건강음료 > 스포츠,이온음료",117,"스포츠,이온음료",200,2500,1375.0
8801094412005,코카)토레타P500ml,040,"음료 > 기능건강음료 > 스포츠,이온음료",117,"스포츠,이온음료",237,2200,1205.0
8801094412371,코카)토레타제로P500ml,040,"음료 > 기능건강음료 > 스포츠,이온음료",117,"스포츠,이온음료",210,2200,1205.0
8801094413705,코카)토레타캔240ml ,040,"음료 > 기능건강음료 > 스포츠,이온음료",117,"스포츠,이온음료",150,1300,655.0
8801094000288,코카)파워라임제로P600,040,"음료 > 기능건강음료 > 스포츠,이온음료",117,"스포츠,이온음료",220,2400,1409.0
8801094602703,코카)파워스칼렛스톰600P,040,"음료 > 기능건강음료 > 스포츠,이온음료",117,"스포츠,이온음료",120,2400,1409.0
8801094362409,코카)파워에이드P1.5L,040,"음료 > 기능건강음료 > 스포츠,이온음료",117,"스포츠,이온음료",237,3500,2151.0
8801094362706,코카)파워에이드P600ml,040,"음료 > 기능건강음료 > 스포츠,이온음료",117,"스포츠,이온음료",237,2400,1409.0
8801094212728,코카)파워에이드제로P600,040,"음료 > 기능건강음료 > 스포츠,이온음료",117,"스포츠,이온음료",130,2400,1409.0
8801094363000,코카)파워에이드캔240ml,040,"음료 > 기능건강음료 > 스포츠,이온음료",117,"스포츠,이온음료",237,1300,649.0
8801094603700,코카)파워에이드퍼플P600,040,"음료 > 기능건강음료 > 스포츠,이온음료",117,"스포츠,이온음료",150,2400,1409.0
8809125060645,한화)이글스에너지부스410,040,"음료 > 기능건강음료 > 스포츠,이온음료",117,"스포츠,이온음료",280,2000,1040.0
8809125060638,한화)이글스이온부스터410,040,"음료 > 기능건강음료 > 스포츠,이온음료",117,"스포츠,이온음료",260,2000,1040.0
8809197840336,del)벤티컵얼음400g,048,음료 > 얼음 > 아이스드링크얼음,132,아이스드링크얼음,9999,1300,604.0
8809197840282,del)빅볼컵얼음160g,048,음료 > 얼음 > 아이스드링크얼음,132,아이스드링크얼음,9999,1300,752.0
8809197840107,del)빅컵얼음230g,048,음료 > 얼음 > 아이스드링크얼음,132,아이스드링크얼음,9999,900,315.0
8809418770107,del)빅컵얼음230g,048,음료 > 얼음 > 아이스드링크얼음,132,아이스드링크얼음,9999,900,900.0
8809197840091,del)컵얼음180g,048,음료 > 얼음 > 아이스드링크얼음,132,아이스드링크얼음,9999,700,221.0
8809596937644,대상)아르포텐쿨링업캔355,040,음료 > 기능건강음료 > 에너지음료,118,에너지음료,,,
9002490280956,동서)레드불그린캔250ml,040,음료 > 기능건강음료 > 에너지음료,118,에너지음료,150,2400,2400.0
9002490100070,동서)레드불캔250ml,040,음료 > 기능건강음료 > 에너지음료,118,에너지음료,156,2400,952.0
9002490269951,동서)레드불퍼플캔250ml,040,음료 > 기능건강음료 > 에너지음료,118,에너지음료,110,2400,2400.0
8806011416685,동아)얼박사캔355ml,040,음료 > 기능건강음료 > 에너지음료,118,에너지음료,351,2300,1265.0
8801056251253,롯데)더킹아이스피치캔355,040,음료 > 기능건강음료 > 에너지음료,118,에너지음료,176,2300,817.0
8801056178925,롯데)핫식스더킹러쉬캔355,040,음료 > 기능건강음료 > 에너지음료,118,에너지음료,234,2300,817.0
8801056249212,롯데)핫식스더킹애플캔355,040,음료 > 기능건강음료 > 에너지음료,118,에너지음료,176,2300,817.0
8801056228255,롯데)핫식스더킹제로캔355,040,음료 > 기능건강음료 > 에너지음료,118,에너지음료,234,2300,817.0
8801056247997,롯데)핫식스더킹제로캔500,040,음료 > 기능건강음료 > 에너지음료,118,에너지음료,176,3000,949.0
8801056098834,롯데)핫식스더킹파워캔355,040,음료 > 기능건강음료 > 에너지음료,118,에너지음료,234,2300,817.0
8801056247959,롯데)핫식스더킹파워캔500,040,음료 > 기능건강음료 > 에너지음료,118,에너지음료,150,3000,3000.0
8801056240998,롯데)핫식스더킹퍼플캔355,040,음료 > 기능건강음료 > 에너지음료,118,에너지음료,234,2300,817.0
8801056252243,롯데)핫식스더킹퍼플캔500,040,음료 > 기능건강음료 > 에너지음료,118,에너지음료,176,3000,949.0
8801056171032,롯데)핫식스더킹포스캔355,040,음료 > 기능건강음료 > 에너지음료,118,에너지음료,234,2300,817.0
8801056234423,롯데)핫식스더킹피치캔355,040,음료 > 기능건강음료 > 에너지음료,118,에너지음료,234,2300,817.0
8801056038861,롯데)핫식스캔250ml,040,음료 > 기능건강음료 > 에너지음료,118,에너지음료,210,1600,429.0
8809626921612,링티)씨너지에너지캔250,040,음료 > 기능건강음료 > 에너지음료,118,에너지음료,237,2200,1210.0
8809713919027,삼경)널담에너지자몽캔355,040,음료 > 기능건강음료 > 에너지음료,118,에너지음료,455,2300,2300.0
4897036695913,코카)몬스터루비레드355,040,음료 > 기능건강음료 > 에너지음료,118,에너지음료,475,2300,2300.0
4897036693339,코카)몬스터망고로코355ml,040,음료 > 기능건강음료 > 에너지음료,118,에너지음료,475,2300,1299.0
4897036695203,코카)몬스터스트로베리355,040,음료 > 기능건강음료 > 에너지음료,118,에너지음료,475,2300,1299.0
4897036691007,코카)몬스터에너지캔355ml,040,음료 > 기능건강음료 > 에너지음료,118,에너지음료,475,2300,1299.0
4897036694817,코카)몬스터오지레몬캔355,040,음료 > 기능건강음료 > 에너지음료,118,에너지음료,475,2300,1299.0
4897036691120,코카)몬스터울트라캔355ml,040,음료 > 기능건강음료 > 에너지음료,118,에너지음료,475,2300,1299.0
4897036693728,코카)몬스터제로캔355ml,040,음료 > 기능건강음료 > 에너지음료,118,에너지음료,475,2300,2300.0
4897036692424,코카)몬스터파이프캔355ml,040,음료 > 기능건강음료 > 에너지음료,118,에너지음료,475,2300,1299.0
4897036694534,코카)몬스터파피용캔355,040,음료 > 기능건강음료 > 에너지음료,118,에너지음료,460,2300,1299.0
4897036694565,코카)몬스터피치캔355ml,040,음료 > 기능건강음료 > 에너지음료,118,에너지음료,475,2300,1299.0
8806004001126,현대)미에로사이다캔355,040,음료 > 기능건강음료 > 에너지음료,118,에너지음료,237,2300,586.0
8802774001427,24del)레드석류블렌디드,045,음료 > 아이스드링크 > 음료원액,127,음료원액,365,1500,1500.0
8809184809995,24del)망고과즙에이드340,045,음료 > 아이스드링크 > 음료원액,127,음료원액,274,1500,1500.0
8809184809971,24del)수박과즙에이드340,045,음료 > 아이스드링크 > 음료원액,127,음료원액,200,1500,1500.0
8800244140058,24del)자몽우바티500ml,045,음료 > 아이스드링크 > 음료원액,127,음료원액,170,1900,1900.0
8802774001373,24del)키위바나나블렌디드,045,음료 > 아이스드링크 > 음료원액,127,음료원액,365,1500,1500.0
8802774001526,24del)푸룬블렌디드,045,음료 > 아이스드링크 > 음료원액,127,음료원액,65,1500,1500.0
8802774003063,25del)레몬팝핑톡230ml,045,음료 > 아이스드링크 > 음료원액,127,음료원액,365,1600,1600.0
8800297740052,25del)망고에이드340ml,045,음료 > 아이스드링크 > 음료원액,127,음료원액,270,1200,1200.0
8802774002851,25del)복숭아아이스티340,045,음료 > 아이스드링크 > 음료원액,127,음료원액,365,1200,1200.0
8800244141598,25del)블루레몬에이드340,045,음료 > 아이스드링크 > 음료원액,127,음료원액,274,1200,1200.0
8800297740076,25del)수박에이드340ml,045,음료 > 아이스드링크 > 음료원액,127,음료원액,270,1200,1200.0
8800244141611,25del)청포도에이드340,045,음료 > 아이스드링크 > 음료원액,127,음료원액,274,1200,1200.0
8802774003087,25del)코코넛워터멜론팝핑,045,음료 > 아이스드링크 > 음료원액,127,음료원액,365,1600,1600.0
8800297740090,25del)키위에이드340ml,045,음료 > 아이스드링크 > 음료원액,127,음료원액,270,1200,1200.0
8806002024486,광동)비타500이온플러스,045,음료 > 아이스드링크 > 음료원액,127,음료원액,237,2000,480.0
8806002023878,광동)비타500제로340ml,045,음료 > 아이스드링크 > 음료원액,127,음료원액,210,2000,2000.0
8801069422442,남양)과수원드링크230ml,045,음료 > 아이스드링크 > 음료원액,127,음료원액,100,1200,1200.0
8801069408989,남양)초코에몽에이드230ml,045,음료 > 아이스드링크 > 음료원액,127,음료원액,80,1300,1300.0
8806011416227,동아)얼박복숭아210ml,045,음료 > 아이스드링크 > 음료원액,127,음료원액,356,1800,1800.0
8806011416210,동아)얼박샤인머스캣210ml,045,음료 > 아이스드링크 > 음료원액,127,음료원액,356,1800,1800.0
8806011416142,동아)얼박오리지널210ml,045,음료 > 아이스드링크 > 음료원액,127,음료원액,356,1800,990.0
8802259022954,롯데)메가톤라떼230ml,045,음료 > 아이스드링크 > 음료원액,127,음료원액,55,1900,468.0
8801056248383,롯데)비타파워아이스230ml,045,음료 > 아이스드링크 > 음료원액,127,음료원액,176,1300,1300.0
8801062874941,롯데)스크류바에이드230ml,045,음료 > 아이스드링크 > 음료원액,127,음료원액,90,1400,1400.0
8809184809643,바이오)꿀레몬생강230ml,045,음료 > 아이스드링크 > 음료원액,127,음료원액,65,1500,1500.0
8809184809629,바이오)꿀유자230ml,045,음료 > 아이스드링크 > 음료원액,127,음료원액,65,1500,1500.0
8809948525864,비비랩)애사비워터230ml,045,음료 > 아이스드링크 > 음료원액,127,음료원액,475,1800,674.0
8808024033644,쟈뎅)마이쮸납작복숭아230,045,음료 > 아이스드링크 > 음료원액,127,음료원액,80,1700,550.0
8808024033668,쟈뎅)마이쮸트리플베리230,045,음료 > 아이스드링크 > 음료원액,127,음료원액,80,1700,550.0
8800244142694,코오롱)리얼아미노워터230,045,음료 > 아이스드링크 > 음료원액,127,음료원액,200,1600,1600.0
8802774001700,태웅)레모나에이드230ml,045,음료 > 아이스드링크 > 음료원액,127,음료원액,445,1600,638.0
8805489004950,티니핑)오로라자두에이드,045,음료 > 아이스드링크 > 음료원액,127,음료원액,100,1400,1400.0
8805489004943,티니핑)하츄핑딸기에이드,045,음료 > 아이스드링크 > 음료원액,127,음료원액,100,1400,1400.0
8809404250057,동양)아이스웰얼음1kg,048,음료 > 얼음 > 일반얼음,133,일반얼음,9999,1900,924.0
8809404250088,동양)아이스웰얼음2.5kg,048,음료 > 얼음 > 일반얼음,133,일반얼음,9999,3800,1892.0
8809197848004,올리)순얼음2.5kg,048,음료 > 얼음 > 일반얼음,133,일반얼음,9999,4000,1837.0
8809197846000,올리)순얼음800g,048,음료 > 얼음 > 일반얼음,133,일반얼음,9999,1900,836.0
8801114106921,풀무원)돌얼음2.5kg,048,음료 > 얼음 > 일반얼음,133,일반얼음,9999,4600,2530.0
8801223014612,1945라임사이다350,044,음료 > 탄산음료 > 일반탄산음료,125,일반탄산음료,420,1800,475.0
8801223014629,1945레몬콜라350,044,음료 > 탄산음료 > 일반탄산음료,125,일반탄산음료,475,1800,1800.0
8809713919508,OKF)제로딸기탄산캔500,044,음료 > 탄산음료 > 일반탄산음료,125,일반탄산음료,360,2700,2700.0
8809713919522,OKF)제로오렌지탄산캔500,044,음료 > 탄산음료 > 일반탄산음료,125,일반탄산음료,360,2700,2700.0
8809713919515,OKF)제로청포도탄산캔500,044,음료 > 탄산음료 > 일반탄산음료,125,일반탄산음료,474,2700,2700.0
8806002025421,광동)썬키스트애사비레몬,044,음료 > 탄산음료 > 일반탄산음료,125,일반탄산음료,237,3000,780.0
8806002025346,광동)썬키스트애사비제로,044,음료 > 탄산음료 > 일반탄산음료,125,일반탄산음료,214,3000,780.0
8801043071956,농심)웰치제로체리P600,044,음료 > 탄산음료 > 일반탄산음료,125,일반탄산음료,190,2000,2000.0
8801043065467,농심)웰치제로포도P600,044,음료 > 탄산음료 > 일반탄산음료,125,일반탄산음료,210,2000,940.0
8801043064088,농심)웰치제로포도캔355,044,음료 > 탄산음료 > 일반탄산음료,125,일반탄산음료,234,1500,1500.0
8801043450690,농심)웰치포도캔355ml,044,음료 > 탄산음료 > 일반탄산음료,125,일반탄산음료,180,1500,736.0
8801097235014,동아)나랑드사이다P500ml,044,음료 > 탄산음료 > 일반탄산음료,125,일반탄산음료,156,2000,495.0
8801097135413,동아)나랑드사이다캔345ml,044,음료 > 탄산음료 > 일반탄산음료,125,일반탄산음료,150,1800,427.0
8801097235670,동아)나랑드파인P500ml,044,음료 > 탄산음료 > 일반탄산음료,125,일반탄산음료,30,,
8801097168909,동아)데미레드애플캔350ml,044,음료 > 탄산음료 > 일반탄산음료,125,일반탄산음료,195,1900,946.0
8801097160064,동아)데미소다애플캔250ml,044,음료 > 탄산음료 > 일반탄산음료,125,일반탄산음료,474,1700,395.0
8801097334212,동아)오란씨파인캔350ml,044,음료 > 탄산음료 > 일반탄산음료,125,일반탄산음료,176,1800,606.0
8801056249892,롯데)마운틴듀제로캔355ml,044,음료 > 탄산음료 > 일반탄산음료,125,일반탄산음료,176,1700,554.0
8801056716011,롯데)마운틴듀캔355ml,044,음료 > 탄산음료 > 일반탄산음료,125,일반탄산음료,200,1700,554.0
8801056201012,롯데)밀키스P1.5L,044,음료 > 탄산음료 > 일반탄산음료,125,일반탄산음료,130,3800,2057.0
8801056755010,롯데)밀키스P500ml,044,음료 > 탄산음료 > 일반탄산음료,125,일반탄산음료,125,2200,1188.0
8801056233204,롯데)밀키스제로캔250ml,044,음료 > 탄산음료 > 일반탄산음료,125,일반탄산음료,150,1500,402.0
8801056154011,롯데)밀키스캔250ml,044,음료 > 탄산음료 > 일반탄산음료,125,일반탄산음료,474,1500,803.0
8801056043551,롯데)밀키스캔340ml,044,음료 > 탄산음료 > 일반탄산음료,125,일반탄산음료,237,1700,1700.0
8801056190019,롯데)칠성사이다P1.5L,044,음료 > 탄산음료 > 일반탄산음료,125,일반탄산음료,110,3900,2616.0
8801056192013,롯데)칠성사이다P500ml,044,음료 > 탄산음료 > 일반탄산음료,125,일반탄산음료,117,2300,1395.0
8801056251727,롯데)칠성사이다라임P500,044,음료 > 탄산음료 > 일반탄산음료,125,일반탄산음료,95,2300,697.0
8801056251895,롯데)칠성사이다라임캔355,044,음료 > 탄산음료 > 일반탄산음료,125,일반탄산음료,176,2000,488.0
8801056249519,롯데)칠성사이다오렌지500,044,음료 > 탄산음료 > 일반탄산음료,125,일반탄산음료,80,2300,697.0
8801056177553,롯데)칠성사이다제로P1.5L,044,음료 > 탄산음료 > 일반탄산음료,125,일반탄산음료,100,3900,2616.0
8801056177584,롯데)칠성사이다제로P500,044,음료 > 탄산음료 > 일반탄산음료,125,일반탄산음료,120,2300,697.0
8801056249359,롯데)칠성사이다제로캔310,044,음료 > 탄산음료 > 일반탄산음료,125,일반탄산음료,176,1800,507.0
8801056177645,롯데)칠성사이다제로캔355,044,음료 > 탄산음료 > 일반탄산음료,125,일반탄산음료,175,2000,488.0
8801056143015,롯데)칠성사이다캔250ml,044,음료 > 탄산음료 > 일반탄산음료,125,일반탄산음료,474,1700,863.0
8801056040925,롯데)칠성사이다캔355ml,044,음료 > 탄산음료 > 일반탄산음료,125,일반탄산음료,237,2000,645.0
8801056245948,롯데)칠성사이다캔490ml,044,음료 > 탄산음료 > 일반탄산음료,125,일반탄산음료,234,2300,1265.0
8801056248567,롯데)탐스오렌지캔355ml,044,음료 > 탄산음료 > 일반탄산음료,125,일반탄산음료,176,1500,803.0
8801056231682,롯데)탐스제로파인애플355,044,음료 > 탄산음료 > 일반탄산음료,125,일반탄산음료,237,1500,803.0
8801056248604,롯데)탐스포도캔355ml,044,음료 > 탄산음료 > 일반탄산음료,125,일반탄산음료,176,1500,803.0
8801056226459,롯데)펩시제로라임P1.5L,044,음료 > 탄산음료 > 일반탄산음료,125,일반탄산음료,175,3900,2209.0
8801056175955,롯데)펩시제로라임P500ml,044,음료 > 탄산음료 > 일반탄산음료,125,일반탄산음료,176,2300,613.0
8801056248703,롯데)펩시제로라임캔310ml,044,음료 > 탄산음료 > 일반탄산음료,125,일반탄산음료,176,1800,507.0
8801056175900,롯데)펩시제로라임캔355ml,044,음료 > 탄산음료 > 일반탄산음료,125,일반탄산음료,149,2000,646.0
8801056247591,롯데)펩시제로라임캔490ml,044,음료 > 탄산음료 > 일반탄산음료,125,일반탄산음료,139,2300,1210.0
8801056248758,롯데)펩시제로모히토P500,044,음료 > 탄산음료 > 일반탄산음료,125,일반탄산음료,140,2300,2300.0
8801056245085,롯데)펩시제로제로P500ml,044,음료 > 탄산음료 > 일반탄산음료,125,일반탄산음료,150,2300,613.0
8801056241506,롯데)펩시제로제로캔355ml,044,음료 > 탄산음료 > 일반탄산음료,125,일반탄산음료,180,2000,646.0
8801056195014,롯데)펩시콜라P1.5L,044,음료 > 탄산음료 > 일반탄산음료,125,일반탄산음료,140,3900,2209.0
8801056193010,롯데)펩시콜라P600ml,044,음료 > 탄산음료 > 일반탄산음료,125,일반탄산음료,150,2300,613.0
8801056150013,롯데)펩시콜라캔355ml,044,음료 > 탄산음료 > 일반탄산음료,125,일반탄산음료,237,2000,646.0
4902494070131,삼경)크레용신짱라무네병,044,음료 > 탄산음료 > 일반탄산음료,125,일반탄산음료,200,0,0.0
8801037098556,스벅)피지오쿨라임400ml,044,음료 > 탄산음료 > 일반탄산음료,125,일반탄산음료,176,2500,1496.0
8801037098563,스벅)피지오피치딸기400ml,044,음료 > 탄산음료 > 일반탄산음료,125,일반탄산음료,125,2500,1496.0
8801382149835,웅진)티즐제로유자캔340ml,044,음료 > 탄산음료 > 일반탄산음료,125,일반탄산음료,0,1800,1800.0
8800261383179,이그니스)바이탈레몬캔500,044,음료 > 탄산음료 > 일반탄산음료,125,일반탄산음료,445,2700,698.0
8800261385821,이그니스)바이탈자몽캔500,044,음료 > 탄산음료 > 일반탄산음료,125,일반탄산음료,475,2700,698.0
8801223014025,일화)레몬애사비소다캔250,044,음료 > 탄산음료 > 일반탄산음료,125,일반탄산음료,475,1700,468.0
8801223100261,일화)맥콜P500ml,044,음료 > 탄산음료 > 일반탄산음료,125,일반탄산음료,237,2200,573.0
8801223100254,일화)맥콜캔250ml,044,음료 > 탄산음료 > 일반탄산음료,125,일반탄산음료,474,1600,388.0
8801094052607,코카)닥터페퍼P500ml,044,음료 > 탄산음료 > 일반탄산음료,125,일반탄산음료,203,2200,1208.0
8801094000455,코카)닥터페퍼제로스트350,044,음료 > 탄산음료 > 일반탄산음료,125,일반탄산음료,237,1900,518.0
8801094043278,코카)닥터페퍼제로캔350ml,044,음료 > 탄산음료 > 일반탄산음료,125,일반탄산음료,210,1900,518.0
8801094202408,코카)스프라이트P1.5L,044,음료 > 탄산음료 > 일반탄산음료,125,일반탄산음료,210,3700,3700.0
8801094202606,코카)스프라이트P500ml,044,음료 > 탄산음료 > 일반탄산음료,125,일반탄산음료,200,2200,2200.0
8801094962104,코카)스프라이트제로P500,044,음료 > 탄산음료 > 일반탄산음료,125,일반탄산음료,150,2200,586.0
8801094000318,코카)스프라이트제로칠350,044,음료 > 탄산음료 > 일반탄산음료,125,일반탄산음료,224,1900,1041.0
8801094203207,코카)스프라이트캔350ml,044,음료 > 탄산음료 > 일반탄산음료,125,일반탄산음료,420,1900,1041.0
8801094000431,코카)암바사제로500P,044,음료 > 탄산음료 > 일반탄산음료,125,일반탄산음료,176,2200,1087.0
8801094062675,코카)코카제로레몬P500ml,044,음료 > 탄산음료 > 일반탄산음료,125,일반탄산음료,180,2400,719.0
8801094063283,코카)코카제로레몬캔350ml,044,음료 > 탄산음료 > 일반탄산음료,125,일반탄산음료,356,2100,576.0
8801094012403,코카)코카콜라P1.5L,044,음료 > 탄산음료 > 일반탄산음료,125,일반탄산음료,237,4000,2700.0
8801094017606,코카)코카콜라P500ml,044,음료 > 탄산음료 > 일반탄산음료,125,일반탄산음료,237,2400,1440.0
8801094013615,코카)코카콜라레드캔490ml,044,음료 > 탄산음료 > 일반탄산음료,125,일반탄산음료,475,2300,1079.0
8801094082406,코카)코카콜라제로P1.5L,044,음료 > 탄산음료 > 일반탄산음료,125,일반탄산음료,178,4000,1326.0
8801094082604,코카)코카콜라제로P500ml,044,음료 > 탄산음료 > 일반탄산음료,125,일반탄산음료,178,2400,719.0
8801094023218,코카)코카콜라제로제로350,044,음료 > 탄산음료 > 일반탄산음료,125,일반탄산음료,351,2100,761.0
8801094000554,코카)코카콜라제로제로500,044,음료 > 탄산음료 > 일반탄산음료,125,일반탄산음료,237,2400,719.0
8801094083007,코카)코카콜라제로캔250ml,044,음료 > 탄산음료 > 일반탄산음료,125,일반탄산음료,237,1700,932.0
8801094083205,코카)코카콜라제로캔350ml,044,음료 > 탄산음료 > 일반탄산음료,125,일반탄산음료,237,2100,761.0
8801094083625,코카)코카콜라제로캔490ml,044,음료 > 탄산음료 > 일반탄산음료,125,일반탄산음료,237,2300,1079.0
8801094013004,코카)코카콜라캔250ml,044,음료 > 탄산음료 > 일반탄산음료,125,일반탄산음료,474,1700,932.0
8801094017200,코카)코카콜라캔350ml,044,음료 > 탄산음료 > 일반탄산음료,125,일반탄산음료,474,2100,1154.0
8801094000394,코카)환타멜론P600ml,044,음료 > 탄산음료 > 일반탄산음료,125,일반탄산음료,139,2200,904.0
8801094112400,코카)환타오렌지P1.5L,044,음료 > 탄산음료 > 일반탄산음료,125,일반탄산음료,220,3500,2373.0
8801094112707,코카)환타오렌지P600ml,044,음료 > 탄산음료 > 일반탄산음료,125,일반탄산음료,220,2200,904.0
8801094347208,코카)환타오렌지제로캔350,044,음료 > 탄산음료 > 일반탄산음료,125,일반탄산음료,130,1700,933.0
8801094113001,코카)환타오렌지캔250ml,044,음료 > 탄산음료 > 일반탄산음료,125,일반탄산음료,474,1600,876.0
8801094132705,코카)환타파인P600ml,044,음료 > 탄산음료 > 일반탄산음료,125,일반탄산음료,237,2200,2200.0
8801094133009,코카)환타파인애플캔250ml,044,음료 > 탄산음료 > 일반탄산음료,125,일반탄산음료,474,1600,876.0
8801094263218,코카)환타파인제로캔350ml,044,음료 > 탄산음료 > 일반탄산음료,125,일반탄산음료,170,1700,933.0
8800261385203,클룹)알파CD사이다350ml,044,음료 > 탄산음료 > 일반탄산음료,125,일반탄산음료,150,2700,1404.0
8800261386378,클룹)애사비매실제로,044,음료 > 탄산음료 > 일반탄산음료,125,일반탄산음료,237,2800,727.0
8800261385081,클룹)애사비화이트발사믹,044,음료 > 탄산음료 > 일반탄산음료,125,일반탄산음료,222,2800,727.0
8809495077793,클룹)제로소다레몬캔500ml,044,음료 > 탄산음료 > 일반탄산음료,125,일반탄산음료,475,2500,2500.0
8809495075478,클룹)제로소다포도캔500ml,044,음료 > 탄산음료 > 일반탄산음료,125,일반탄산음료,475,2500,1375.0
8809644083545,팔도)뽀로로멜론톡P335ml,044,음료 > 탄산음료 > 일반탄산음료,125,일반탄산음료,180,1700,1700.0
8809644083538,팔도)뽀로로밀크톡P335ml,044,음료 > 탄산음료 > 일반탄산음료,125,일반탄산음료,237,1700,1700.0
8801001236076,하이트)진로토닉워터300ml,044,음료 > 탄산음료 > 일반탄산음료,125,일반탄산음료,237,1900,745.0
8801001236199,하이트)진로토닉워터600ml,044,음료 > 탄산음료 > 일반탄산음료,125,일반탄산음료,210,2900,1137.0
8801001236243,하이트)토닉워터제로300ml,044,음료 > 탄산음료 > 일반탄산음료,125,일반탄산음료,237,1900,745.0
8801001237974,하이트)토닉토마토300ml,044,음료 > 탄산음료 > 일반탄산음료,125,일반탄산음료,180,1900,1900.0
8806004000587,현대)미에로스파클링제로P,044,음료 > 탄산음료 > 일반탄산음료,125,일반탄산음료,210,2200,1078.0
8806004000945,현대)미에로화이스파클500,044,음료 > 탄산음료 > 일반탄산음료,125,일반탄산음료,237,2700,715.0
8809422044447,HK)티로그복숭아홍차P500,043,음료 > 차음료 > 차음료,124,차음료,237,2500,616.0
8809422044430,HK)티로그청귤녹차P500,043,음료 > 차음료 > 차음료,124,차음료,237,2500,616.0
8806002023182,광동)썬키스트모과생강280,043,음료 > 차음료 > 차음료,124,차음료,237,2000,726.0
8806002023168,광동)썬키스트허니유자280,043,음료 > 차음료 > 차음료,124,차음료,150,2000,726.0
8806002006437,광동)옥수수수염P500ml,043,음료 > 차음료 > 차음료,124,차음료,200,2200,785.0
8806002005805,광동)옥수수수염차P1.5L,043,음료 > 차음료 > 차음료,124,차음료,190,3300,1189.0
8806002009391,광동)진한헛개차P1.5L,043,음료 > 차음료 > 차음료,124,차음료,207,3300,1143.0
8806002009957,광동)진한헛개차P500ml,043,음료 > 차음료 > 차음료,124,차음료,237,2500,791.0
8801069174020,남양)17차P500ml,043,음료 > 차음료 > 차음료,124,차음료,190,2200,729.0
4901085596333,농심)루이보스티P600ml,043,음료 > 차음료 > 차음료,124,차음료,25,3400,1496.0
4901085003800,농심)오이오차녹차P500,043,음료 > 차음료 > 차음료,124,차음료,137,2200,1188.0
8801097481015,동아)데자와밀크티캔240ml,043,음료 > 차음료 > 차음료,124,차음료,237,1600,516.0
8801047284499,동원)레몬제로아이스티500,043,음료 > 차음료 > 차음료,124,차음료,175,2500,637.0
8801047284482,동원)복숭아제로아이스500,043,음료 > 차음료 > 차음료,124,차음료,175,2500,637.0
8801047284581,동원)복숭아제로아이스900,043,음료 > 차음료 > 차음료,124,차음료,184,4000,1059.0
8801047284550,동원)사과제로아이스티500,043,음료 > 차음료 > 차음료,124,차음료,176,2500,637.0
8801047284598,동원)샤인제로아이스티500,043,음료 > 차음료 > 차음료,124,차음료,176,2500,637.0
8801047289685,동원)양반오미자차500ml,043,음료 > 차음료 > 차음료,124,차음료,175,2200,550.0
8801047495499,동원)윤곽나인P500ml,043,음료 > 차음료 > 차음료,124,차음료,176,2200,740.0
8801047496083,동원)한라봉제로아이스500,043,음료 > 차음료 > 차음료,124,차음료,176,2500,637.0
8801056250850,롯데)깨수깡귤헛개P500ml,043,음료 > 차음료 > 차음료,124,차음료,117,2500,871.0
8801056227517,롯데)더하다보리차P500ml,043,음료 > 차음료 > 차음료,124,차음료,110,2000,1023.0
8801056227371,롯데)더하다옥수수P500ml,043,음료 > 차음료 > 차음료,124,차음료,120,2000,1023.0
8801056044534,롯데)립톤복숭아제로P500,043,음료 > 차음료 > 차음료,124,차음료,150,1700,547.0
8801056228927,롯데)솔의눈P500ml,043,음료 > 차음료 > 차음료,124,차음료,127,2000,1023.0
8801056250065,롯데)솔의눈제로P500ml,043,음료 > 차음료 > 차음료,124,차음료,105,2000,2000.0
8801056831011,롯데)솔의눈캔240ml,043,음료 > 차음료 > 차음료,124,차음료,474,1300,737.0
8801056231927,롯데)실론티제로P500ml,043,음료 > 차음료 > 차음료,124,차음료,110,2000,1023.0
8809799270678,링티)굿나잇티P240ml,043,음료 > 차음료 > 차음료,124,차음료,351,2900,798.0
4711115020024,마담홍)흑당버블티캔315,043,음료 > 차음료 > 차음료,124,차음료,200,2500,2500.0
8803420905595,삼경)가나디레몬녹차P500,043,음료 > 차음료 > 차음료,124,차음료,110,2500,1400.0
8801037097986,스벅)시그니처밀크티P325,043,음료 > 차음료 > 차음료,124,차음료,176,2600,1551.0
8801104949941,신이어)유기농보리차P600,043,음료 > 차음료 > 차음료,124,차음료,165,2500,649.0
8801382145769,웅진)결명자차P500ml,043,음료 > 차음료 > 차음료,124,차음료,210,2200,529.0
8801382152798,웅진)생차녹차P500ml,043,음료 > 차음료 > 차음료,124,차음료,237,2500,649.0
8801382152811,웅진)생차호지차P500ml,043,음료 > 차음료 > 차음료,124,차음료,237,2500,649.0
8801382124528,웅진)아침햇살P500ml,043,음료 > 차음료 > 차음료,124,차음료,175,2350,822.0
8801382135036,웅진)오곡누룽지P500ml,043,음료 > 차음료 > 차음료,124,차음료,237,2200,545.0
8801382148449,웅진)옥수수수염차500ml,043,음료 > 차음료 > 차음료,124,차음료,237,2200,571.0
8801382151449,웅진)유기농하늘보리P500,043,음료 > 차음료 > 차음료,124,차음료,237,2500,649.0
8801382151777,웅진)카무트현미차P500ml,043,음료 > 차음료 > 차음료,124,차음료,237,2500,649.0
8801382149743,웅진)티즐제로자몽티P500,043,음료 > 차음료 > 차음료,124,차음료,237,2500,652.0
8801382148500,웅진)티즐제로피치P500,043,음료 > 차음료 > 차음료,124,차음료,230,2500,652.0
8801382131038,웅진)하늘보리1.5L,043,음료 > 차음료 > 차음료,124,차음료,195,3200,1760.0
8801382124849,웅진)하늘보리P500ml,043,음료 > 차음료 > 차음료,124,차음료,200,2200,726.0
8801223013202,일화)호박팥차P500ml,043,음료 > 차음료 > 차음료,124,차음료,210,2300,594.0
8808024034276,쟈뎅)루이보스피치망고500,043,음료 > 차음료 > 차음료,124,차음료,140,2500,677.0
8808024030803,쟈뎅)제주청보리차P500ml,043,음료 > 차음료 > 차음료,124,차음료,237,2200,550.0
8808024050603,쟈뎅)프루토프루타레몬500,043,음료 > 차음료 > 차음료,124,차음료,237,2500,658.0
8808024050597,쟈뎅)프루토프루타피치500,043,음료 > 차음료 > 차음료,124,차음료,237,2500,658.0
8808024034269,쟈뎅)히비스애플오렌지500,043,음료 > 차음료 > 차음료,124,차음료,140,2500,677.0
8801105913231,코카)미닛모과생강280ml,043,음료 > 차음료 > 차음료,124,차음료,160,2000,2000.0
8801105910391,코카)미닛허니유자280ml,043,음료 > 차음료 > 차음료,124,차음료,238,2000,1162.0
8801382143123,코코몽)하늘보리P200ml,043,음료 > 차음료 > 차음료,124,차음료,200,1600,548.0
8801128945745,팔도)비락식혜P500ml,043,음료 > 차음료 > 차음료,124,차음료,237,2200,1284.0
8809695254864,팔도)비락식혜제로캔238,043,음료 > 차음료 > 차음료,124,차음료,237,1300,1300.0
8801128900201,팔도)비락식혜캔238ml,043,음료 > 차음료 > 차음료,124,차음료,237,1300,618.0
8809695255236,팔도)이천비락식혜335ml,043,음료 > 차음료 > 차음료,124,차음료,200,1900,968.0
8801001238391,하이트)보리누룽지P520,043,음료 > 차음료 > 차음료,124,차음료,237,2200,562.0
8801001238438,하이트)보리다크로스트500,043,음료 > 차음료 > 차음료,124,차음료,237,2500,2500.0
8801001238049,하이트)블랙보리P520ml,043,음료 > 차음료 > 차음료,124,차음료,200,2200,755.0
8801001238179,하이트)블랙보리라이트520,043,음료 > 차음료 > 차음료,124,차음료,216,2200,562.0
8801001238483,하이트)티도씨자몽P500ml,043,음료 > 차음료 > 차음료,124,차음료,237,2500,2500.0
8801001238490,하이트)티도씨체리P500ml,043,음료 > 차음료 > 차음료,124,차음료,237,2500,2500.0
8801037013702,동서)스타벅스돌체캔275ml,042,음료 > 커피음료 > 캔/병커피,122,캔/병커피,145,3300,1983.0
8801056097899,레쓰비)그란데라떼P500ml,042,음료 > 커피음료 > 캔/병커피,122,캔/병커피,110,2200,1150.0
8801056174149,레쓰비)그란데헤이즐넛500,042,음료 > 커피음료 > 캔/병커피,122,캔/병커피,114,2200,1150.0
8801056050269,레쓰비)라떼캔240ml,042,음료 > 커피음료 > 캔/병커피,122,캔/병커피,237,1400,638.0
8801056251963,레쓰비)밀크커피캔240ml,042,음료 > 커피음료 > 캔/병커피,122,캔/병커피,176,1400,697.0
8801056018979,레쓰비)캔200ml,042,음료 > 커피음료 > 캔/병커피,122,캔/병커피,237,1200,478.0
8801037093766,마스터)라떼P500ml,042,음료 > 커피음료 > 캔/병커피,122,캔/병커피,127,2900,1507.0
8801037093742,마스터)블랙P500ml,042,음료 > 커피음료 > 캔/병커피,122,캔/병커피,142,2900,1507.0
8801121031858,매일)바리스타라떼P475ml,042,음료 > 커피음료 > 캔/병커피,122,캔/병커피,237,2700,980.0
8801121031834,매일)바리스타아메P475ml,042,음료 > 커피음료 > 캔/병커피,122,캔/병커피,237,2700,980.0
8801104944915,빙그레)아카페라벤티아메,042,음료 > 커피음료 > 캔/병커피,122,캔/병커피,195,3200,1097.0
8801104944939,빙그레)아카페라벤티헤이,042,음료 > 커피음료 > 캔/병커피,122,캔/병커피,195,3200,1097.0
8801104669658,빙그레)올데이아메리카노,042,음료 > 커피음료 > 캔/병커피,122,캔/병커피,156,4200,1439.0
8801104669672,빙그레)올데이헤이즐넛1L,042,음료 > 커피음료 > 캔/병커피,122,캔/병커피,156,4200,1439.0
8801104950022,빙그레)정지영디카페P500,042,음료 > 커피음료 > 캔/병커피,122,캔/병커피,195,2800,770.0
8801104950008,빙그레)정지영아메P500,042,음료 > 커피음료 > 캔/병커피,122,캔/병커피,195,2800,770.0
8801037003536,스벅)더블샷바닐라275ml,042,음료 > 커피음료 > 캔/병커피,122,캔/병커피,176,3300,1983.0
8801037008173,스벅)더블샷바닐라캔200ml,042,음료 > 커피음료 > 캔/병커피,122,캔/병커피,175,1800,1109.0
8801037035476,스벅)더블샷캔200ml,042,음료 > 커피음료 > 캔/병커피,122,캔/병커피,175,1800,1109.0
8801037055726,스벅)더블샷캔275ml,042,음료 > 커피음료 > 캔/병커피,122,캔/병커피,130,3300,1983.0
8801037096392,스벅)셀렉트바닐라라떼300,042,음료 > 커피음료 > 캔/병커피,122,캔/병커피,176,2900,1782.0
8801037097122,스벅)셀렉트카라멜300ml,042,음료 > 커피음료 > 캔/병커피,122,캔/병커피,176,2900,1782.0
8801037096378,스벅)셀렉트카페라떼300ml,042,음료 > 커피음료 > 캔/병커피,122,캔/병커피,176,2900,2900.0
8801037020519,스벅)시그니처초콜릿200ml,042,음료 > 커피음료 > 캔/병커피,122,캔/병커피,176,1900,1144.0
8801037020687,스벅)카페베로나블랙275ml,042,음료 > 커피음료 > 캔/병커피,122,캔/병커피,234,2800,1686.0
8801037077698,스벅)프라푸치노돌체병281,042,음료 > 커피음료 > 캔/병커피,122,캔/병커피,150,3100,1903.0
8801037086195,스벅)프라푸치노모카병281,042,음료 > 커피음료 > 캔/병커피,122,캔/병커피,150,3100,1903.0
8801037086188,스벅)프라푸치노커피병281,042,음료 > 커피음료 > 캔/병커피,122,캔/병커피,150,3100,1903.0
8801037039795,스벅)프라푸치바닐라병281,042,음료 > 커피음료 > 캔/병커피,122,캔/병커피,176,3100,1903.0
8803420905113,이사프)디카페바닐라라떼,042,음료 > 커피음료 > 캔/병커피,122,캔/병커피,150,2700,2700.0
8808024031909,쟈뎅)로얄헤이즐넛P900ml,042,음료 > 커피음료 > 캔/병커피,122,캔/병커피,210,4200,1488.0
8808024031916,쟈뎅)시그니처블랙P900ml,042,음료 > 커피음료 > 캔/병커피,122,캔/병커피,210,4200,1488.0
8801094523206,조지아)맥스캔240ml,042,음료 > 커피음료 > 캔/병커피,122,캔/병커피,237,1400,682.0
8801094503000,조지아)오리지널캔240ml,042,음료 > 커피음료 > 캔/병커피,122,캔/병커피,237,1400,671.0
8801094513009,조지아)카페라떼캔240ml,042,음료 > 커피음료 > 캔/병커피,122,캔/병커피,237,1400,682.0
8803420904499,짱구)짱달달커피900ml,042,음료 > 커피음료 > 캔/병커피,122,캔/병커피,140,3000,3000.0
8801056244170,칸타타)딥블랙캔200ml,042,음료 > 커피음료 > 캔/병커피,122,캔/병커피,234,1500,1500.0
8801056048129,칸타타)라떼캔200ml,042,음료 > 커피음료 > 캔/병커피,122,캔/병커피,200,1500,814.0
8801056018948,칸타타)라떼캔275ml,042,음료 > 커피음료 > 캔/병커피,122,캔/병커피,237,2500,903.0
8801056048150,칸타타)아메캔200ml,042,음료 > 커피음료 > 캔/병커피,122,캔/병커피,190,1500,814.0
8801056018900,칸타타)아메캔275ml,042,음료 > 커피음료 > 캔/병커피,122,캔/병커피,237,2500,903.0
8801056051921,칸타타)카라멜캔275ml,042,음료 > 커피음료 > 캔/병커피,122,캔/병커피,237,2500,903.0
8801056032159,칸타타)콜드브루캔275ml,042,음료 > 커피음료 > 캔/병커피,122,캔/병커피,200,2500,903.0
8801094512668,코카)조지아라떼P470ml,042,음료 > 커피음료 > 캔/병커피,122,캔/병커피,140,2800,918.0
8801094512613,코카)조지아로우라떼P470,042,음료 > 커피음료 > 캔/병커피,122,캔/병커피,120,2800,918.0
8801094502669,코카)조지아블랙P470ml,042,음료 > 커피음료 > 캔/병커피,122,캔/병커피,180,2800,918.0
8801094542603,코카)조지아스윗블랙470ml,042,음료 > 커피음료 > 캔/병커피,122,캔/병커피,210,2800,918.0
8801056096052,콘트라)라떼P500ml,042,음료 > 커피음료 > 캔/병커피,122,캔/병커피,150,2700,1402.0
8801056094591,콘트라)블랙P500ml,042,음료 > 커피음료 > 캔/병커피,122,캔/병커피,140,2700,925.0
8801037042863,티오피)더블랙캔200ml,042,음료 > 커피음료 > 캔/병커피,122,캔/병커피,237,1500,718.0
8801037087741,티오피)더블랙캔275ml,042,음료 > 커피음료 > 캔/병커피,122,캔/병커피,237,2700,1298.0
8801037057867,티오피)더블랙캔380ml,042,음료 > 커피음료 > 캔/병커피,122,캔/병커피,237,3300,1049.0
8801037006193,티오피)돌체라떼캔275,042,음료 > 커피음료 > 캔/병커피,122,캔/병커피,234,2700,1404.0
8801037040029,티오피)마스터라떼캔200ml,042,음료 > 커피음료 > 캔/병커피,122,캔/병커피,237,1500,718.0
8801037087543,티오피)마스터라떼캔275ml,042,음료 > 커피음료 > 캔/병커피,122,캔/병커피,237,2700,1298.0
8801037064346,티오피)마스터라떼캔380ml,042,음료 > 커피음료 > 캔/병커피,122,캔/병커피,237,3300,1049.0
8801037021981,티오피)배럴에이지드마일,042,음료 > 커피음료 > 캔/병커피,122,캔/병커피,210,3300,1640.0
8801037022056,티오피)배럴에이지드볼드,042,음료 > 커피음료 > 캔/병커피,122,캔/병커피,234,3300,1640.0
8801037009026,티오피)스모키라떼캔200ml,042,음료 > 커피음료 > 캔/병커피,122,캔/병커피,234,1500,738.0
8801037001716,티오피)스모키라떼캔275ml,042,음료 > 커피음료 > 캔/병커피,122,캔/병커피,234,2700,1404.0
8801037001730,티오피)스모키블랙캔275ml,042,음료 > 커피음료 > 캔/병커피,122,캔/병커피,234,2700,1404.0
8801037039993,티오피)스위트아메캔200ml,042,음료 > 커피음료 > 캔/병커피,122,캔/병커피,237,1500,718.0
8801037087550,티오피)스윗아메캔275ml,042,음료 > 커피음료 > 캔/병커피,122,캔/병커피,237,2700,1298.0
8801037057843,티오피)스윗아메캔380ml,042,음료 > 커피음료 > 캔/병커피,122,캔/병커피,237,3300,1049.0
8809286695113,할리스)블랙아리아아메550,042,음료 > 커피음료 > 캔/병커피,122,캔/병커피,237,3200,1117.0
8809286695106,할리스)시그니처아메P550,042,음료 > 커피음료 > 캔/병커피,122,캔/병커피,237,3200,1117.0
8808024033415,24del)제로스위트500,045,음료 > 아이스드링크 > 커피원액,126,커피원액,244,1900,1900.0
8809253649453,24del)헤이즐넛향340ml,045,음료 > 아이스드링크 > 커피원액,126,커피원액,270,1200,1200.0
8808024050443,25del)디카페인아메340ml,045,음료 > 아이스드링크 > 커피원액,126,커피원액,183,1400,1400.0
8808024050382,25del)바닐라라떼340ml,045,음료 > 아이스드링크 > 커피원액,126,커피원액,183,2000,2000.0
8800244141536,25del)블랙아메리카노500,045,음료 > 아이스드링크 > 커피원액,126,커피원액,274,0,0.0
8800244141550,25del)스위트아메리340,045,음료 > 아이스드링크 > 커피원액,126,커피원액,274,1200,1200.0
8800244141574,25del)제로스위트아메500,045,음료 > 아이스드링크 > 커피원액,126,커피원액,274,0,0.0
8800297740038,25del)제로헤이즐넛향500,045,음료 > 아이스드링크 > 커피원액,126,커피원액,270,1800,1800.0
8808024050429,25del)콜드브루아메340ml,045,음료 > 아이스드링크 > 커피원액,126,커피원액,183,1400,1400.0
8800297740014,25del)헤이즐넛향340ml,045,음료 > 아이스드링크 > 커피원액,126,커피원액,270,1200,1200.0
8800244140447,BP)아메리카노블랙1L,045,음료 > 아이스드링크 > 커피원액,126,커피원액,356,3600,3600.0
8801056248536,롯데)레쓰비마일드230ml,045,음료 > 아이스드링크 > 커피원액,126,커피원액,82,1400,794.0
8801056230111,롯데)칸타타블랙아메320ml,045,음료 > 아이스드링크 > 커피원액,126,커피원액,237,1700,966.0
8801056083564,롯데)칸타타블랙아메리230,045,음료 > 아이스드링크 > 커피원액,126,커피원액,238,1400,794.0
8801056083557,롯데)칸타타스윗아메리230,045,음료 > 아이스드링크 > 커피원액,126,커피원액,237,1400,794.0
8801056241780,롯데)칸타타스윗아몬230,045,음료 > 아이스드링크 > 커피원액,126,커피원액,234,1400,1400.0
8801056083588,롯데)칸타타카라멜마끼230,045,음료 > 아이스드링크 > 커피원액,126,커피원액,174,1400,714.0
8801056083571,롯데)칸타타헤이즐넛230ml,045,음료 > 아이스드링크 > 커피원액,126,커피원액,238,1400,794.0
8801056233433,롯데)칸타타헤이즐넛320ml,045,음료 > 아이스드링크 > 커피원액,126,커피원액,220,1700,966.0
8808024026981,쟈뎅)시그니아메블랙320ml,045,음료 > 아이스드링크 > 커피원액,126,커피원액,237,1600,880.0
8808024025786,쟈뎅)시그니처스위트320ml,045,음료 > 아이스드링크 > 커피원액,126,커피원액,237,1600,880.0
8808024025809,쟈뎅)시그니헤이즐넛320ml,045,음료 > 아이스드링크 > 커피원액,126,커피원액,237,1600,880.0
8802774003339,태웅)990아메리카노블랙,045,음료 > 아이스드링크 > 커피원액,126,커피원액,356,990,990.0
8802774003377,태웅)990아메리카노스위트,045,음료 > 아이스드링크 > 커피원액,126,커피원액,356,990,990.0
8801104240284,빙그레)요플레딸기180g,046,음료 > 요구르트 > 호상요구르트,128,호상요구르트,8,2200,1296.0
8801104242226,빙그레)요플레복숭아180g,046,음료 > 요구르트 > 호상요구르트,128,호상요구르트,8,2200,1296.0
8801115215851,서울)마이픽딸기초코링,046,음료 > 요구르트 > 호상요구르트,128,호상요구르트,10,2200,900.0
8801115224143,서울)마이픽플레인쿠키링,046,음료 > 요구르트 > 호상요구르트,128,호상요구르트,10,2200,900.0
8801115213543,서울)비요뜨링크,046,음료 > 요구르트 > 호상요구르트,128,호상요구르트,8,2300,2300.0
8801115224709,서울)비요뜨베리콩포트,046,음료 > 요구르트 > 호상요구르트,128,호상요구르트,7,2300,940.0
8801115212713,서울)비요뜨초코링,046,음료 > 요구르트 > 호상요구르트,128,호상요구르트,8,2300,940.0
8801115213604,서울)비요뜨쿠키앤크림,046,음료 > 요구르트 > 호상요구르트,128,호상요구르트,8,2300,940.0
8809274516277,풀무원)그릭딸기베리150g,046,음료 > 요구르트 > 호상요구르트,128,호상요구르트,9,3900,1073.0
8809274516215,풀무원)그릭플레인150g,046,음료 > 요구르트 > 호상요구르트,128,호상요구르트,9,3900,1073.0
8809274516420,풀무원)액티비아딸기150g,046,음료 > 요구르트 > 호상요구르트,128,호상요구르트,9,3200,880.0
8809274516376,풀무원)요거톡레몬머랭,046,음료 > 요구르트 > 호상요구르트,128,호상요구르트,9,2200,2200.0
8809274513948,풀무원)요거톡스타볼,046,음료 > 요구르트 > 호상요구르트,128,호상요구르트,9,2200,605.0
8809274513887,풀무원)요거톡초코그래놀,046,음료 > 요구르트 > 호상요구르트,128,호상요구르트,9,2200,605.0
8801069420745,PBICK)우유득템1.8L,047,음료 > 우유 > 흰우유,131,흰우유,7,4900,3900.0
8801069173603,남양)맛있는우유900ml,047,음료 > 우유 > 흰우유,131,흰우유,8,3200,2252.0
8801069403724,남양)소화잘되는우유900ml,047,음료 > 우유 > 흰우유,131,흰우유,7,3300,2243.0
8801155721954,동원)소화잘되는우유900ml,047,음료 > 우유 > 흰우유,131,흰우유,6,3280,2526.0
8801121768129,매일)소화잘되는우유190ml,047,음료 > 우유 > 흰우유,131,흰우유,46,1200,680.0
8801115110026,서울)A2플러스우유710ml,047,음료 > 우유 > 흰우유,131,흰우유,10,3900,3064.0
8801115115113,서울)멸균우유200ml,047,음료 > 우유 > 흰우유,131,흰우유,36,1200,507.0
8801115115809,서울)저지방멸균우유200ml,047,음료 > 우유 > 흰우유,131,흰우유,35,1200,507.0
8801115114390,서울)후레쉬우유900ml,047,음료 > 우유 > 흰우유,131,흰우유,6,3000,1944.0
8801115114154,서울)흰우유1L,047,음료 > 우유 > 흰우유,131,흰우유,6,3200,2405.0
8801115114031,서울)흰우유200ml,047,음료 > 우유 > 흰우유,131,흰우유,6,1200,692.0
8801115114727,서울)흰우유300ml,047,음료 > 우유 > 흰우유,131,흰우유,6,1800,1106.0
8801115114130,서울)흰우유500ml,047,음료 > 우유 > 흰우유,131,흰우유,6,2200,1430.0
4036300110671,올덴)멸균우유1L,047,음료 > 우유 > 흰우유,131,흰우유,237,2200,1635.0
4036300069467,올덴)멸균우유저지방1L,047,음료 > 우유 > 흰우유,131,흰우유,237,2200,1635.0
